"Kind","Direction","Stream_Id","Source_Agent_Id","Destination_Agent_Id","Correlation_Id","Start_Timestamp","End_Timestamp"
"MEMORY_COPY","MEMORY_COPY_HOST_TO_DEVICE",1,"Agent 0","Agent 1",10,339422595902146,339422595909701
"MEMORY_COPY","MEMORY_COPY_HOST_TO_DEVICE",1,"Agent 0","Agent 1",13,339422600036305,339422605284859
"MEMORY_COPY","MEMORY_COPY_HOST_TO_DEVICE",1,"Agent 0","Agent 1",13,339422605313452,339422610519487
"MEMORY_COPY","MEMORY_COPY_HOST_TO_DEVICE",1,"Agent 0","Agent 1",13,339422610535932,339422615676928
"MEMORY_COPY","MEMORY_COPY_HOST_TO_DEVICE",1,"Agent 0","Agent 1",13,339422615694262,339422620823851
"MEMORY_COPY","MEMORY_COPY_HOST_TO_DEVICE",1,"Agent 0","Agent 1",13,339422620838962,339422625981884
"MEMORY_COPY","MEMORY_COPY_HOST_TO_DEVICE",1,"Agent 0","Agent 1",13,339422625999811,339422631712967
"MEMORY_COPY","MEMORY_COPY_HOST_TO_DEVICE",1,"Agent 0","Agent 1",13,339422631730004,339422636866852
"MEMORY_COPY","MEMORY_COPY_HOST_TO_DEVICE",1,"Agent 0","Agent 1",13,339422636882557,339422642020442
"MEMORY_COPY","MEMORY_COPY_HOST_TO_DEVICE",1,"Agent 0","Agent 1",13,339422642037775,339422647119511
"MEMORY_COPY","MEMORY_COPY_HOST_TO_DEVICE",1,"Agent 0","Agent 1",13,339422647134474,339422652211766
"MEMORY_COPY","MEMORY_COPY_HOST_TO_DEVICE",1,"Agent 0","Agent 1",13,339422652225916,339422657301578
"MEMORY_COPY","MEMORY_COPY_HOST_TO_DEVICE",1,"Agent 0","Agent 1",13,339422657309730,339422662387019
"MEMORY_COPY","MEMORY_COPY_HOST_TO_DEVICE",1,"Agent 0","Agent 1",13,339422662412352,339422667488308
"MEMORY_COPY","MEMORY_COPY_HOST_TO_DEVICE",1,"Agent 0","Agent 1",13,339422667510531,339422672586932
"MEMORY_COPY","MEMORY_COPY_HOST_TO_DEVICE",1,"Agent 0","Agent 1",13,339422672600117,339422677676369
"MEMORY_COPY","MEMORY_COPY_HOST_TO_DEVICE",1,"Agent 0","Agent 1",13,339422677688962,339422682765956
"MEMORY_COPY","MEMORY_COPY_HOST_TO_DEVICE",1,"Agent 0","Agent 1",13,339422682780474,339422687857319
"MEMORY_COPY","MEMORY_COPY_HOST_TO_DEVICE",1,"Agent 0","Agent 1",13,339422687902506,339422692978166
"MEMORY_COPY","MEMORY_COPY_HOST_TO_DEVICE",1,"Agent 0","Agent 1",13,339422693011351,339422698087159
"MEMORY_COPY","MEMORY_COPY_HOST_TO_DEVICE",1,"Agent 0","Agent 1",13,339422698098863,339422698273682
"MEMORY_COPY","MEMORY_COPY_HOST_TO_DEVICE",1,"Agent 0","Agent 1",16,339422698409388,339422698416203
"MEMORY_COPY","MEMORY_COPY_HOST_TO_DEVICE",1,"Agent 0","Agent 1",19,339422699709859,339422701942202
"MEMORY_COPY","MEMORY_COPY_HOST_TO_DEVICE",1,"Agent 0","Agent 1",22,339422702139243,339422702588733
"MEMORY_COPY","MEMORY_COPY_HOST_TO_DEVICE",1,"Agent 0","Agent 1",25,339422702847109,339422703501197
"MEMORY_COPY","MEMORY_COPY_HOST_TO_DEVICE",1,"Agent 0","Agent 1",28,339422704222248,339422706454739
"MEMORY_COPY","MEMORY_COPY_HOST_TO_DEVICE",1,"Agent 0","Agent 1",31,339422706488073,339422706494740
"MEMORY_COPY","MEMORY_COPY_HOST_TO_DEVICE",1,"Agent 0","Agent 1",40,339422706633113,339422706639928
"MEMORY_COPY","MEMORY_COPY_HOST_TO_DEVICE",1,"Agent 0","Agent 1",43,339422709549617,339422714632240
"MEMORY_COPY","MEMORY_COPY_HOST_TO_DEVICE",1,"Agent 0","Agent 1",43,339422714643352,339422715593445
"MEMORY_COPY","MEMORY_COPY_HOST_TO_DEVICE",1,"Agent 0","Agent 1",46,339422717301628,339422722396104
"MEMORY_COPY","MEMORY_COPY_HOST_TO_DEVICE",1,"Agent 0","Agent 1",46,339422722410155,339422726117638
"MEMORY_COPY","MEMORY_COPY_HOST_TO_DEVICE",1,"Agent 0","Agent 1",49,339422727858266,339422732938814
"MEMORY_COPY","MEMORY_COPY_HOST_TO_DEVICE",1,"Agent 0","Agent 1",49,339422732953926,339422733903871
"MEMORY_COPY","MEMORY_COPY_HOST_TO_DEVICE",1,"Agent 0","Agent 1",52,339422733960021,339422733967132
"MEMORY_COPY","MEMORY_COPY_HOST_TO_DEVICE",1,"Agent 0","Agent 1",55,339422734673220,339422736905859
"MEMORY_COPY","MEMORY_COPY_HOST_TO_DEVICE",1,"Agent 0","Agent 1",58,339422737087196,339422737537427
"MEMORY_COPY","MEMORY_COPY_HOST_TO_DEVICE",1,"Agent 0","Agent 1",61,339422737768247,339422738421742
"MEMORY_COPY","MEMORY_COPY_HOST_TO_DEVICE",1,"Agent 0","Agent 1",64,339422739119386,339422741352024
"MEMORY_COPY","MEMORY_COPY_HOST_TO_DEVICE",1,"Agent 0","Agent 1",67,339422741388025,339422741394840
"MEMORY_COPY","MEMORY_COPY_HOST_TO_DEVICE",1,"Agent 0","Agent 1",76,339422741607733,339422741614548
"MEMORY_COPY","MEMORY_COPY_HOST_TO_DEVICE",1,"Agent 0","Agent 1",79,339422744879504,339422749961386
"MEMORY_COPY","MEMORY_COPY_HOST_TO_DEVICE",1,"Agent 0","Agent 1",79,339422749973090,339422750922443
"MEMORY_COPY","MEMORY_COPY_HOST_TO_DEVICE",1,"Agent 0","Agent 1",82,339422752479364,339422757577246
"MEMORY_COPY","MEMORY_COPY_HOST_TO_DEVICE",1,"Agent 0","Agent 1",82,339422757587024,339422761295397
"MEMORY_COPY","MEMORY_COPY_HOST_TO_DEVICE",1,"Agent 0","Agent 1",85,339422762827725,339422767908570
"MEMORY_COPY","MEMORY_COPY_HOST_TO_DEVICE",1,"Agent 0","Agent 1",85,339422767918051,339422768867404
"MEMORY_COPY","MEMORY_COPY_HOST_TO_DEVICE",1,"Agent 0","Agent 1",88,339422768908294,339422768915109
"MEMORY_COPY","MEMORY_COPY_HOST_TO_DEVICE",1,"Agent 0","Agent 1",91,339422769602086,339422771834873
"MEMORY_COPY","MEMORY_COPY_HOST_TO_DEVICE",1,"Agent 0","Agent 1",94,339422772054433,339422772504664
"MEMORY_COPY","MEMORY_COPY_HOST_TO_DEVICE",1,"Agent 0","Agent 1",97,339422772798596,339422773452239
"MEMORY_COPY","MEMORY_COPY_HOST_TO_DEVICE",1,"Agent 0","Agent 1",100,339422774157735,339422776391559
"MEMORY_COPY","MEMORY_COPY_HOST_TO_DEVICE",1,"Agent 0","Agent 1",103,339422776440449,339422776447264
"MEMORY_COPY","MEMORY_COPY_HOST_TO_DEVICE",1,"Agent 0","Agent 1",112,339422776565785,339422776572155
"MEMORY_COPY","MEMORY_COPY_HOST_TO_DEVICE",1,"Agent 0","Agent 1",115,339422778171744,339422783253626
"MEMORY_COPY","MEMORY_COPY_HOST_TO_DEVICE",1,"Agent 0","Agent 1",115,339422783263700,339422784212757
"MEMORY_COPY","MEMORY_COPY_HOST_TO_DEVICE",1,"Agent 0","Agent 1",118,339422785838864,339422790933932
"MEMORY_COPY","MEMORY_COPY_HOST_TO_DEVICE",1,"Agent 0","Agent 1",118,339422790950672,339422794659490
"MEMORY_COPY","MEMORY_COPY_HOST_TO_DEVICE",1,"Agent 0","Agent 1",121,339422796389303,339422801471038
"MEMORY_COPY","MEMORY_COPY_HOST_TO_DEVICE",1,"Agent 0","Agent 1",121,339422801490742,339422802439946
"MEMORY_COPY","MEMORY_COPY_HOST_TO_DEVICE",1,"Agent 0","Agent 1",124,339422802530911,339422802537726
"MEMORY_COPY","MEMORY_COPY_HOST_TO_DEVICE",1,"Agent 0","Agent 1",127,339422803625897,339422805860165
"MEMORY_COPY","MEMORY_COPY_HOST_TO_DEVICE",1,"Agent 0","Agent 1",130,339422806072169,339422806522253
"MEMORY_COPY","MEMORY_COPY_HOST_TO_DEVICE",1,"Agent 0","Agent 1",133,339422806897668,339422807552348
"MEMORY_COPY","MEMORY_COPY_HOST_TO_DEVICE",1,"Agent 0","Agent 1",136,339422808389254,339422810622782
"MEMORY_COPY","MEMORY_COPY_HOST_TO_DEVICE",1,"Agent 0","Agent 1",139,339422810674042,339422810681153
"MEMORY_COPY","MEMORY_COPY_HOST_TO_DEVICE",1,"Agent 0","Agent 1",148,339422810813749,339422810820119
"MEMORY_COPY","MEMORY_COPY_HOST_TO_DEVICE",1,"Agent 0","Agent 1",151,339422813630992,339422818713912
"MEMORY_COPY","MEMORY_COPY_HOST_TO_DEVICE",1,"Agent 0","Agent 1",151,339422818726653,339422819676154
"MEMORY_COPY","MEMORY_COPY_HOST_TO_DEVICE",1,"Agent 0","Agent 1",154,339422821412486,339422826510962
"MEMORY_COPY","MEMORY_COPY_HOST_TO_DEVICE",1,"Agent 0","Agent 1",154,339422826522369,339422830230594
"MEMORY_COPY","MEMORY_COPY_HOST_TO_DEVICE",1,"Agent 0","Agent 1",157,339422832633310,339422837717267
"MEMORY_COPY","MEMORY_COPY_HOST_TO_DEVICE",1,"Agent 0","Agent 1",157,339422837730452,339422838679805
"MEMORY_COPY","MEMORY_COPY_HOST_TO_DEVICE",1,"Agent 0","Agent 1",160,339422838737732,339422838744399
"MEMORY_COPY","MEMORY_COPY_HOST_TO_DEVICE",1,"Agent 0","Agent 1",163,339422840435249,339422842668628
"MEMORY_COPY","MEMORY_COPY_HOST_TO_DEVICE",1,"Agent 0","Agent 1",166,339422843066711,339422843516646
"MEMORY_COPY","MEMORY_COPY_HOST_TO_DEVICE",1,"Agent 0","Agent 1",169,339422844063324,339422844717559
"MEMORY_COPY","MEMORY_COPY_HOST_TO_DEVICE",1,"Agent 0","Agent 1",172,339422846446484,339422848679567
"MEMORY_COPY","MEMORY_COPY_HOST_TO_DEVICE",1,"Agent 0","Agent 1",175,339422848791569,339422848798236
"MEMORY_COPY","MEMORY_COPY_HOST_TO_DEVICE",1,"Agent 0","Agent 1",184,339422848917350,339422848924017
"MEMORY_COPY","MEMORY_COPY_HOST_TO_DEVICE",1,"Agent 0","Agent 1",187,339422850951755,339422856034082
"MEMORY_COPY","MEMORY_COPY_HOST_TO_DEVICE",1,"Agent 0","Agent 1",187,339422856056007,339422857005508
"MEMORY_COPY","MEMORY_COPY_HOST_TO_DEVICE",1,"Agent 0","Agent 1",190,339422860298613,339422865392052
"MEMORY_COPY","MEMORY_COPY_HOST_TO_DEVICE",1,"Agent 0","Agent 1",190,339422865405237,339422869113314
"MEMORY_COPY","MEMORY_COPY_HOST_TO_DEVICE",1,"Agent 0","Agent 1",193,339422870900313,339422875982641
"MEMORY_COPY","MEMORY_COPY_HOST_TO_DEVICE",1,"Agent 0","Agent 1",193,339422875993900,339422876943549
"MEMORY_COPY","MEMORY_COPY_HOST_TO_DEVICE",1,"Agent 0","Agent 1",196,339422877023960,339422877030775
"MEMORY_COPY","MEMORY_COPY_HOST_TO_DEVICE",1,"Agent 0","Agent 1",199,339422878180612,339422880413399
"MEMORY_COPY","MEMORY_COPY_HOST_TO_DEVICE",1,"Agent 0","Agent 1",202,339422880597551,339422881047782
"MEMORY_COPY","MEMORY_COPY_HOST_TO_DEVICE",1,"Agent 0","Agent 1",205,339422881448087,339422882102322
"MEMORY_COPY","MEMORY_COPY_HOST_TO_DEVICE",1,"Agent 0","Agent 1",208,339422882792411,339422885025642
"MEMORY_COPY","MEMORY_COPY_HOST_TO_DEVICE",1,"Agent 0","Agent 1",211,339422885075569,339422885082384
"MEMORY_COPY","MEMORY_COPY_HOST_TO_DEVICE",1,"Agent 0","Agent 1",220,339422885199127,339422885205497
"MEMORY_COPY","MEMORY_COPY_HOST_TO_DEVICE",1,"Agent 0","Agent 1",223,339422887346282,339422892428461
"MEMORY_COPY","MEMORY_COPY_HOST_TO_DEVICE",1,"Agent 0","Agent 1",223,339422892440017,339422893389666
"MEMORY_COPY","MEMORY_COPY_HOST_TO_DEVICE",1,"Agent 0","Agent 1",226,339422896101574,339422901198716
"MEMORY_COPY","MEMORY_COPY_HOST_TO_DEVICE",1,"Agent 0","Agent 1",226,339422901209235,339422904917460
"MEMORY_COPY","MEMORY_COPY_HOST_TO_DEVICE",1,"Agent 0","Agent 1",229,339422906490825,339422911571819
"MEMORY_COPY","MEMORY_COPY_HOST_TO_DEVICE",1,"Agent 0","Agent 1",229,339422911583967,339422912533320
"MEMORY_COPY","MEMORY_COPY_HOST_TO_DEVICE",1,"Agent 0","Agent 1",232,339422912593618,339422912600433
"MEMORY_COPY","MEMORY_COPY_HOST_TO_DEVICE",1,"Agent 0","Agent 1",235,339422913309485,339422915542716
"MEMORY_COPY","MEMORY_COPY_HOST_TO_DEVICE",1,"Agent 0","Agent 1",238,339422915716201,339422916166580
"MEMORY_COPY","MEMORY_COPY_HOST_TO_DEVICE",1,"Agent 0","Agent 1",241,339422916366585,339422916816372
"MEMORY_COPY","MEMORY_COPY_HOST_TO_DEVICE",1,"Agent 0","Agent 1",244,339422917494459,339422919727839
"MEMORY_COPY","MEMORY_COPY_HOST_TO_DEVICE",1,"Agent 0","Agent 1",247,339422919767542,339422919774357
"MEMORY_COPY","MEMORY_COPY_HOST_TO_DEVICE",1,"Agent 0","Agent 1",256,339422919888878,339422919895249
"MEMORY_COPY","MEMORY_COPY_HOST_TO_DEVICE",1,"Agent 0","Agent 1",259,339422921430095,339422926512274
"MEMORY_COPY","MEMORY_COPY_HOST_TO_DEVICE",1,"Agent 0","Agent 1",259,339422926521459,339422927470960
"MEMORY_COPY","MEMORY_COPY_HOST_TO_DEVICE",1,"Agent 0","Agent 1",262,339422929392926,339422934474660
"MEMORY_COPY","MEMORY_COPY_HOST_TO_DEVICE",1,"Agent 0","Agent 1",262,339422934488883,339422935438532
"MEMORY_COPY","MEMORY_COPY_HOST_TO_DEVICE",1,"Agent 0","Agent 1",265,339422937093825,339422942176449
"MEMORY_COPY","MEMORY_COPY_HOST_TO_DEVICE",1,"Agent 0","Agent 1",265,339422942202968,339422943152913
"MEMORY_COPY","MEMORY_COPY_HOST_TO_DEVICE",1,"Agent 0","Agent 1",268,339422943246249,339422943253212
"MEMORY_COPY","MEMORY_COPY_HOST_TO_DEVICE",1,"Agent 0","Agent 1",271,339422943990116,339422946224384
"MEMORY_COPY","MEMORY_COPY_HOST_TO_DEVICE",1,"Agent 0","Agent 1",274,339422946408240,339422946858916
"MEMORY_COPY","MEMORY_COPY_HOST_TO_DEVICE",1,"Agent 0","Agent 1",277,339422947180256,339422947630043
"MEMORY_COPY","MEMORY_COPY_HOST_TO_DEVICE",1,"Agent 0","Agent 1",280,339422948323835,339422950557807
"MEMORY_COPY","MEMORY_COPY_HOST_TO_DEVICE",1,"Agent 0","Agent 1",283,339422950613364,339422950620475
"MEMORY_COPY","MEMORY_COPY_HOST_TO_DEVICE",1,"Agent 0","Agent 1",292,339422950746848,339422950753663
"MEMORY_COPY","MEMORY_COPY_HOST_TO_DEVICE",1,"Agent 0","Agent 1",295,339422952263175,339422957345947
"MEMORY_COPY","MEMORY_COPY_HOST_TO_DEVICE",1,"Agent 0","Agent 1",295,339422957355873,339422958305819
"MEMORY_COPY","MEMORY_COPY_HOST_TO_DEVICE",1,"Agent 0","Agent 1",298,339422960597718,339422965679156
"MEMORY_COPY","MEMORY_COPY_HOST_TO_DEVICE",1,"Agent 0","Agent 1",298,339422965697823,339422966647324
"MEMORY_COPY","MEMORY_COPY_HOST_TO_DEVICE",1,"Agent 0","Agent 1",301,339422968283802,339422973365833
"MEMORY_COPY","MEMORY_COPY_HOST_TO_DEVICE",1,"Agent 0","Agent 1",301,339422973383315,339422974332371
"MEMORY_COPY","MEMORY_COPY_HOST_TO_DEVICE",1,"Agent 0","Agent 1",304,339422974410151,339422974416817
"MEMORY_COPY","MEMORY_COPY_HOST_TO_DEVICE",1,"Agent 0","Agent 1",307,339422975113573,339422977347100
"MEMORY_COPY","MEMORY_COPY_HOST_TO_DEVICE",1,"Agent 0","Agent 1",310,339422977520882,339422977970965
"MEMORY_COPY","MEMORY_COPY_HOST_TO_DEVICE",1,"Agent 0","Agent 1",313,339422978227563,339422978881947
"MEMORY_COPY","MEMORY_COPY_HOST_TO_DEVICE",1,"Agent 0","Agent 1",316,339422979560331,339422981793562
"MEMORY_COPY","MEMORY_COPY_HOST_TO_DEVICE",1,"Agent 0","Agent 1",319,339422981844674,339422981851489
"MEMORY_COPY","MEMORY_COPY_HOST_TO_DEVICE",1,"Agent 0","Agent 1",328,339422981982307,339422981988974
"MEMORY_COPY","MEMORY_COPY_HOST_TO_DEVICE",1,"Agent 0","Agent 1",331,339422983617063,339422988698945
"MEMORY_COPY","MEMORY_COPY_HOST_TO_DEVICE",1,"Agent 0","Agent 1",331,339422988736130,339422989685335
"MEMORY_COPY","MEMORY_COPY_HOST_TO_DEVICE",1,"Agent 0","Agent 1",334,339422991615745,339422996710072
"MEMORY_COPY","MEMORY_COPY_HOST_TO_DEVICE",1,"Agent 0","Agent 1",334,339422996719850,339423000428371
"MEMORY_COPY","MEMORY_COPY_HOST_TO_DEVICE",1,"Agent 0","Agent 1",337,339423001965588,339423007047026
"MEMORY_COPY","MEMORY_COPY_HOST_TO_DEVICE",1,"Agent 0","Agent 1",337,339423007056952,339423008006305
"MEMORY_COPY","MEMORY_COPY_HOST_TO_DEVICE",1,"Agent 0","Agent 1",340,339423008053713,339423008060972
"MEMORY_COPY","MEMORY_COPY_HOST_TO_DEVICE",1,"Agent 0","Agent 1",343,339423009034030,339423011267261
"MEMORY_COPY","MEMORY_COPY_HOST_TO_DEVICE",1,"Agent 0","Agent 1",346,339423011462376,339423011912607
"MEMORY_COPY","MEMORY_COPY_HOST_TO_DEVICE",1,"Agent 0","Agent 1",349,339423012161946,339423012611585
"MEMORY_COPY","MEMORY_COPY_HOST_TO_DEVICE",1,"Agent 0","Agent 1",352,339423014570440,339423016803523
"MEMORY_COPY","MEMORY_COPY_HOST_TO_DEVICE",1,"Agent 0","Agent 1",355,339423016851672,339423016858635
"MEMORY_COPY","MEMORY_COPY_HOST_TO_DEVICE",1,"Agent 0","Agent 1",364,339423016979526,339423016986341
"MEMORY_COPY","MEMORY_COPY_HOST_TO_DEVICE",1,"Agent 0","Agent 1",367,339423018617486,339423023699368
"MEMORY_COPY","MEMORY_COPY_HOST_TO_DEVICE",1,"Agent 0","Agent 1",367,339423023709146,339423024658351
"MEMORY_COPY","MEMORY_COPY_HOST_TO_DEVICE",1,"Agent 0","Agent 1",370,339423026239421,339423031320118
"MEMORY_COPY","MEMORY_COPY_HOST_TO_DEVICE",1,"Agent 0","Agent 1",370,339423031329748,339423032279693
"MEMORY_COPY","MEMORY_COPY_HOST_TO_DEVICE",1,"Agent 0","Agent 1",373,339423034747892,339423039829182
"MEMORY_COPY","MEMORY_COPY_HOST_TO_DEVICE",1,"Agent 0","Agent 1",373,339423039840589,339423040789942
"MEMORY_COPY","MEMORY_COPY_HOST_TO_DEVICE",1,"Agent 0","Agent 1",376,339423040852018,339423040858832
"MEMORY_COPY","MEMORY_COPY_HOST_TO_DEVICE",1,"Agent 0","Agent 1",379,339423041845371,339423044078899
"MEMORY_COPY","MEMORY_COPY_HOST_TO_DEVICE",1,"Agent 0","Agent 1",382,339423044367645,339423044817729
"MEMORY_COPY","MEMORY_COPY_HOST_TO_DEVICE",1,"Agent 0","Agent 1",385,339423045059363,339423045509743
"MEMORY_COPY","MEMORY_COPY_HOST_TO_DEVICE",1,"Agent 0","Agent 1",388,339423046632729,339423048866553
"MEMORY_COPY","MEMORY_COPY_HOST_TO_DEVICE",1,"Agent 0","Agent 1",391,339423048912183,339423048918998
"MEMORY_COPY","MEMORY_COPY_HOST_TO_DEVICE",1,"Agent 0","Agent 1",400,339423049080039,339423049085817
"MEMORY_COPY","MEMORY_COPY_HOST_TO_DEVICE",1,"Agent 0","Agent 1",403,339423051334687,339423056416866
"MEMORY_COPY","MEMORY_COPY_HOST_TO_DEVICE",1,"Agent 0","Agent 1",403,339423056440865,339423057390663
"MEMORY_COPY","MEMORY_COPY_HOST_TO_DEVICE",1,"Agent 0","Agent 1",406,339423059050993,339423064132135
"MEMORY_COPY","MEMORY_COPY_HOST_TO_DEVICE",1,"Agent 0","Agent 1",406,339423064141617,339423065091414
"MEMORY_COPY","MEMORY_COPY_HOST_TO_DEVICE",1,"Agent 0","Agent 1",409,339423066871747,339423071954519
"MEMORY_COPY","MEMORY_COPY_HOST_TO_DEVICE",1,"Agent 0","Agent 1",409,339423071966667,339423072916464
"MEMORY_COPY","MEMORY_COPY_HOST_TO_DEVICE",1,"Agent 0","Agent 1",412,339423072997651,339423073004318
"MEMORY_COPY","MEMORY_COPY_HOST_TO_DEVICE",1,"Agent 0","Agent 1",415,339423073831594,339423076065270
"MEMORY_COPY","MEMORY_COPY_HOST_TO_DEVICE",1,"Agent 0","Agent 1",418,339423076264978,339423076714617
"MEMORY_COPY","MEMORY_COPY_HOST_TO_DEVICE",1,"Agent 0","Agent 1",421,339423076979215,339423077632858
"MEMORY_COPY","MEMORY_COPY_HOST_TO_DEVICE",1,"Agent 0","Agent 1",424,339423078350799,339423080583585
"MEMORY_COPY","MEMORY_COPY_HOST_TO_DEVICE",1,"Agent 0","Agent 1",427,339423080622845,339423080629512
"MEMORY_COPY","MEMORY_COPY_HOST_TO_DEVICE",1,"Agent 0","Agent 1",436,339423080750552,339423080756774
"MEMORY_COPY","MEMORY_COPY_HOST_TO_DEVICE",1,"Agent 0","Agent 1",439,339423083259789,339423088341375
"MEMORY_COPY","MEMORY_COPY_HOST_TO_DEVICE",1,"Agent 0","Agent 1",439,339423088352931,339423089301839
"MEMORY_COPY","MEMORY_COPY_HOST_TO_DEVICE",1,"Agent 0","Agent 1",442,339423091441735,339423096536951
"MEMORY_COPY","MEMORY_COPY_HOST_TO_DEVICE",1,"Agent 0","Agent 1",442,339423096546729,339423100254065
"MEMORY_COPY","MEMORY_COPY_HOST_TO_DEVICE",1,"Agent 0","Agent 1",445,339423101816319,339423106897313
"MEMORY_COPY","MEMORY_COPY_HOST_TO_DEVICE",1,"Agent 0","Agent 1",445,339423106906202,339423107855407
"MEMORY_COPY","MEMORY_COPY_HOST_TO_DEVICE",1,"Agent 0","Agent 1",448,339423107894815,339423107901482
"MEMORY_COPY","MEMORY_COPY_HOST_TO_DEVICE",1,"Agent 0","Agent 1",451,339423108602830,339423110836209
"MEMORY_COPY","MEMORY_COPY_HOST_TO_DEVICE",1,"Agent 0","Agent 1",454,339423111034584,339423111484667
"MEMORY_COPY","MEMORY_COPY_HOST_TO_DEVICE",1,"Agent 0","Agent 1",457,339423111667337,339423112116976
"MEMORY_COPY","MEMORY_COPY_HOST_TO_DEVICE",1,"Agent 0","Agent 1",460,339423112794027,339423115027851
"MEMORY_COPY","MEMORY_COPY_HOST_TO_DEVICE",1,"Agent 0","Agent 1",463,339423115070667,339423115077334
"MEMORY_COPY","MEMORY_COPY_HOST_TO_DEVICE",1,"Agent 0","Agent 1",472,339423115204744,339423115211114
"MEMORY_COPY","MEMORY_COPY_HOST_TO_DEVICE",1,"Agent 0","Agent 1",475,339423116752440,339423121833879
"MEMORY_COPY","MEMORY_COPY_HOST_TO_DEVICE",1,"Agent 0","Agent 1",475,339423121848086,339423122797439
"MEMORY_COPY","MEMORY_COPY_HOST_TO_DEVICE",1,"Agent 0","Agent 1",478,339423124305484,339423129386626
"MEMORY_COPY","MEMORY_COPY_HOST_TO_DEVICE",1,"Agent 0","Agent 1",478,339423129395664,339423130344868
"MEMORY_COPY","MEMORY_COPY_HOST_TO_DEVICE",1,"Agent 0","Agent 1",481,339423131862233,339423136943820
"MEMORY_COPY","MEMORY_COPY_HOST_TO_DEVICE",1,"Agent 0","Agent 1",481,339423136954783,339423137905025
"MEMORY_COPY","MEMORY_COPY_HOST_TO_DEVICE",1,"Agent 0","Agent 1",484,339423137950507,339423137957322
"MEMORY_COPY","MEMORY_COPY_HOST_TO_DEVICE",1,"Agent 0","Agent 1",487,339423138666226,339423140900049
"MEMORY_COPY","MEMORY_COPY_HOST_TO_DEVICE",1,"Agent 0","Agent 1",490,339423141081387,339423141531025
"MEMORY_COPY","MEMORY_COPY_HOST_TO_DEVICE",1,"Agent 0","Agent 1",493,339423141724215,339423142173705
"MEMORY_COPY","MEMORY_COPY_HOST_TO_DEVICE",1,"Agent 0","Agent 1",496,339423142860090,339423145093618
"MEMORY_COPY","MEMORY_COPY_HOST_TO_DEVICE",1,"Agent 0","Agent 1",499,339423145131693,339423145138507
"MEMORY_COPY","MEMORY_COPY_HOST_TO_DEVICE",1,"Agent 0","Agent 1",508,339423145256288,339423145262510
"MEMORY_COPY","MEMORY_COPY_HOST_TO_DEVICE",1,"Agent 0","Agent 1",511,339423147568928,339423152651700
"MEMORY_COPY","MEMORY_COPY_HOST_TO_DEVICE",1,"Agent 0","Agent 1",511,339423152662663,339423153612016
"MEMORY_COPY","MEMORY_COPY_HOST_TO_DEVICE",1,"Agent 0","Agent 1",514,339423156622745,339423161705665
"MEMORY_COPY","MEMORY_COPY_HOST_TO_DEVICE",1,"Agent 0","Agent 1",514,339423161714554,339423162664055
"MEMORY_COPY","MEMORY_COPY_HOST_TO_DEVICE",1,"Agent 0","Agent 1",517,339423164235347,339423169317822
"MEMORY_COPY","MEMORY_COPY_HOST_TO_DEVICE",1,"Agent 0","Agent 1",517,339423169327008,339423170276360
"MEMORY_COPY","MEMORY_COPY_HOST_TO_DEVICE",1,"Agent 0","Agent 1",520,339423170315917,339423170322584
"MEMORY_COPY","MEMORY_COPY_HOST_TO_DEVICE",1,"Agent 0","Agent 1",523,339423172040841,339423174274369
"MEMORY_COPY","MEMORY_COPY_HOST_TO_DEVICE",1,"Agent 0","Agent 1",526,339423174695415,339423175145498
"MEMORY_COPY","MEMORY_COPY_HOST_TO_DEVICE",1,"Agent 0","Agent 1",529,339423175704473,339423176358560
"MEMORY_COPY","MEMORY_COPY_HOST_TO_DEVICE",1,"Agent 0","Agent 1",532,339423178079781,339423180312864
"MEMORY_COPY","MEMORY_COPY_HOST_TO_DEVICE",1,"Agent 0","Agent 1",535,339423180350643,339423180357606
"MEMORY_COPY","MEMORY_COPY_HOST_TO_DEVICE",1,"Agent 0","Agent 1",544,339423180488720,339423180495535
"MEMORY_COPY","MEMORY_COPY_HOST_TO_DEVICE",1,"Agent 0","Agent 1",547,339423182058816,339423187140995
"MEMORY_COPY","MEMORY_COPY_HOST_TO_DEVICE",1,"Agent 0","Agent 1",547,339423187168254,339423188117607
"MEMORY_COPY","MEMORY_COPY_HOST_TO_DEVICE",1,"Agent 0","Agent 1",550,339423191498713,339423196592596
"MEMORY_COPY","MEMORY_COPY_HOST_TO_DEVICE",1,"Agent 0","Agent 1",550,339423196601337,339423200309413
"MEMORY_COPY","MEMORY_COPY_HOST_TO_DEVICE",1,"Agent 0","Agent 1",553,339423202434494,339423207516673
"MEMORY_COPY","MEMORY_COPY_HOST_TO_DEVICE",1,"Agent 0","Agent 1",553,339423207563340,339423208512990
"MEMORY_COPY","MEMORY_COPY_HOST_TO_DEVICE",1,"Agent 0","Agent 1",556,339423208654622,339423208661881
"MEMORY_COPY","MEMORY_COPY_HOST_TO_DEVICE",1,"Agent 0","Agent 1",559,339423209728422,339423211962098
"MEMORY_COPY","MEMORY_COPY_HOST_TO_DEVICE",1,"Agent 0","Agent 1",562,339423212430552,339423212880783
"MEMORY_COPY","MEMORY_COPY_HOST_TO_DEVICE",1,"Agent 0","Agent 1",565,339423213092491,339423213542426
"MEMORY_COPY","MEMORY_COPY_HOST_TO_DEVICE",1,"Agent 0","Agent 1",568,339423214644671,339423216877458
"MEMORY_COPY","MEMORY_COPY_HOST_TO_DEVICE",1,"Agent 0","Agent 1",571,339423216945608,339423216952423
"MEMORY_COPY","MEMORY_COPY_HOST_TO_DEVICE",1,"Agent 0","Agent 1",580,339423217077314,339423217084129
"MEMORY_COPY","MEMORY_COPY_HOST_TO_DEVICE",1,"Agent 0","Agent 1",583,339423218669495,339423223751526
"MEMORY_COPY","MEMORY_COPY_HOST_TO_DEVICE",1,"Agent 0","Agent 1",583,339423223761600,339423224711249
"MEMORY_COPY","MEMORY_COPY_HOST_TO_DEVICE",1,"Agent 0","Agent 1",586,339423226288022,339423231368720
"MEMORY_COPY","MEMORY_COPY_HOST_TO_DEVICE",1,"Agent 0","Agent 1",586,339423231378201,339423232327554
"MEMORY_COPY","MEMORY_COPY_HOST_TO_DEVICE",1,"Agent 0","Agent 1",589,339423234267890,339423239349625
"MEMORY_COPY","MEMORY_COPY_HOST_TO_DEVICE",1,"Agent 0","Agent 1",589,339423239367106,339423240316459
"MEMORY_COPY","MEMORY_COPY_HOST_TO_DEVICE",1,"Agent 0","Agent 1",592,339423240405350,339423240412165
"MEMORY_COPY","MEMORY_COPY_HOST_TO_DEVICE",1,"Agent 0","Agent 1",595,339423241482557,339423243716381
"MEMORY_COPY","MEMORY_COPY_HOST_TO_DEVICE",1,"Agent 0","Agent 1",598,339423243965275,339423244414766
"MEMORY_COPY","MEMORY_COPY_HOST_TO_DEVICE",1,"Agent 0","Agent 1",601,339423244621881,339423245072409
"MEMORY_COPY","MEMORY_COPY_HOST_TO_DEVICE",1,"Agent 0","Agent 1",604,339423246291990,339423248525814
"MEMORY_COPY","MEMORY_COPY_HOST_TO_DEVICE",1,"Agent 0","Agent 1",607,339423248589963,339423248596778
"MEMORY_COPY","MEMORY_COPY_HOST_TO_DEVICE",1,"Agent 0","Agent 1",616,339423248738262,339423248744929
"MEMORY_COPY","MEMORY_COPY_HOST_TO_DEVICE",1,"Agent 0","Agent 1",619,339423250320487,339423255401333
"MEMORY_COPY","MEMORY_COPY_HOST_TO_DEVICE",1,"Agent 0","Agent 1",619,339423255421036,339423256371129
"MEMORY_COPY","MEMORY_COPY_HOST_TO_DEVICE",1,"Agent 0","Agent 1",622,339423258174426,339423263253790
"MEMORY_COPY","MEMORY_COPY_HOST_TO_DEVICE",1,"Agent 0","Agent 1",622,339423263282383,339423264232625
"MEMORY_COPY","MEMORY_COPY_HOST_TO_DEVICE",1,"Agent 0","Agent 1",625,339423265926585,339423271008171
"MEMORY_COPY","MEMORY_COPY_HOST_TO_DEVICE",1,"Agent 0","Agent 1",625,339423271018838,339423271968043
"MEMORY_COPY","MEMORY_COPY_HOST_TO_DEVICE",1,"Agent 0","Agent 1",628,339423272024637,339423272031452
"MEMORY_COPY","MEMORY_COPY_HOST_TO_DEVICE",1,"Agent 0","Agent 1",631,339423272738429,339423274971660
"MEMORY_COPY","MEMORY_COPY_HOST_TO_DEVICE",1,"Agent 0","Agent 1",634,339423275171072,339423275620859
"MEMORY_COPY","MEMORY_COPY_HOST_TO_DEVICE",1,"Agent 0","Agent 1",637,339423275853456,339423276507840
"MEMORY_COPY","MEMORY_COPY_HOST_TO_DEVICE",1,"Agent 0","Agent 1",640,339423277222522,339423279456197
"MEMORY_COPY","MEMORY_COPY_HOST_TO_DEVICE",1,"Agent 0","Agent 1",643,339423279542866,339423279549681
"MEMORY_COPY","MEMORY_COPY_HOST_TO_DEVICE",1,"Agent 0","Agent 1",652,339423279669387,339423279675609
"MEMORY_COPY","MEMORY_COPY_HOST_TO_DEVICE",1,"Agent 0","Agent 1",655,339423281956693,339423287038872
"MEMORY_COPY","MEMORY_COPY_HOST_TO_DEVICE",1,"Agent 0","Agent 1",655,339423287048946,339423287998003
"MEMORY_COPY","MEMORY_COPY_HOST_TO_DEVICE",1,"Agent 0","Agent 1",658,339423291137178,339423296239802
"MEMORY_COPY","MEMORY_COPY_HOST_TO_DEVICE",1,"Agent 0","Agent 1",658,339423296255061,339423299962841
"MEMORY_COPY","MEMORY_COPY_HOST_TO_DEVICE",1,"Agent 0","Agent 1",661,339423302073996,339423307156175
"MEMORY_COPY","MEMORY_COPY_HOST_TO_DEVICE",1,"Agent 0","Agent 1",661,339423307165953,339423308115454
"MEMORY_COPY","MEMORY_COPY_HOST_TO_DEVICE",1,"Agent 0","Agent 1",664,339423308161381,339423308168047
"MEMORY_COPY","MEMORY_COPY_HOST_TO_DEVICE",1,"Agent 0","Agent 1",667,339423309127623,339423311361150
"MEMORY_COPY","MEMORY_COPY_HOST_TO_DEVICE",1,"Agent 0","Agent 1",670,339423311655230,339423312104869
"MEMORY_COPY","MEMORY_COPY_HOST_TO_DEVICE",1,"Agent 0","Agent 1",673,339423312342059,339423312791994
"MEMORY_COPY","MEMORY_COPY_HOST_TO_DEVICE",1,"Agent 0","Agent 1",676,339423314121059,339423316353994
"MEMORY_COPY","MEMORY_COPY_HOST_TO_DEVICE",1,"Agent 0","Agent 1",679,339423316397402,339423316404217
"MEMORY_COPY","MEMORY_COPY_HOST_TO_DEVICE",1,"Agent 0","Agent 1",688,339423316539923,339423316546294
"MEMORY_COPY","MEMORY_COPY_HOST_TO_DEVICE",1,"Agent 0","Agent 1",691,339423318466175,339423323548502
"MEMORY_COPY","MEMORY_COPY_HOST_TO_DEVICE",1,"Agent 0","Agent 1",691,339423323562131,339423324511781
"MEMORY_COPY","MEMORY_COPY_HOST_TO_DEVICE",1,"Agent 0","Agent 1",694,339423326481303,339423331562593
"MEMORY_COPY","MEMORY_COPY_HOST_TO_DEVICE",1,"Agent 0","Agent 1",694,339423331572963,339423332522761
"MEMORY_COPY","MEMORY_COPY_HOST_TO_DEVICE",1,"Agent 0","Agent 1",697,339423334189166,339423339270752
"MEMORY_COPY","MEMORY_COPY_HOST_TO_DEVICE",1,"Agent 0","Agent 1",697,339423339279641,339423340229735
"MEMORY_COPY","MEMORY_COPY_HOST_TO_DEVICE",1,"Agent 0","Agent 1",700,339423340273439,339423340280254
"MEMORY_COPY","MEMORY_COPY_HOST_TO_DEVICE",1,"Agent 0","Agent 1",703,339423341816730,339423344050258
"MEMORY_COPY","MEMORY_COPY_HOST_TO_DEVICE",1,"Agent 0","Agent 1",706,339423344243743,339423344693530
"MEMORY_COPY","MEMORY_COPY_HOST_TO_DEVICE",1,"Agent 0","Agent 1",709,339423344896942,339423345347322
"MEMORY_COPY","MEMORY_COPY_HOST_TO_DEVICE",1,"Agent 0","Agent 1",712,339423346451641,339423348685168
"MEMORY_COPY","MEMORY_COPY_HOST_TO_DEVICE",1,"Agent 0","Agent 1",715,339423348728132,339423348734947
"MEMORY_COPY","MEMORY_COPY_HOST_TO_DEVICE",1,"Agent 0","Agent 1",724,339423348900432,339423348906803
"MEMORY_COPY","MEMORY_COPY_HOST_TO_DEVICE",1,"Agent 0","Agent 1",727,339423350549503,339423355633016
"MEMORY_COPY","MEMORY_COPY_HOST_TO_DEVICE",1,"Agent 0","Agent 1",727,339423355642497,339423356592295
"MEMORY_COPY","MEMORY_COPY_HOST_TO_DEVICE",1,"Agent 0","Agent 1",730,339423358508334,339423363589476
"MEMORY_COPY","MEMORY_COPY_HOST_TO_DEVICE",1,"Agent 0","Agent 1",730,339423363602513,339423364552163
"MEMORY_COPY","MEMORY_COPY_HOST_TO_DEVICE",1,"Agent 0","Agent 1",733,339423366945842,339423372030984
"MEMORY_COPY","MEMORY_COPY_HOST_TO_DEVICE",1,"Agent 0","Agent 1",733,339423372040465,339423372989966
"MEMORY_COPY","MEMORY_COPY_HOST_TO_DEVICE",1,"Agent 0","Agent 1",736,339423373039449,339423373046264
"MEMORY_COPY","MEMORY_COPY_HOST_TO_DEVICE",1,"Agent 0","Agent 1",739,339423374764818,339423376999234
"MEMORY_COPY","MEMORY_COPY_HOST_TO_DEVICE",1,"Agent 0","Agent 1",742,339423377482504,339423377932439
"MEMORY_COPY","MEMORY_COPY_HOST_TO_DEVICE",1,"Agent 0","Agent 1",745,339423378552452,339423379206836
"MEMORY_COPY","MEMORY_COPY_HOST_TO_DEVICE",1,"Agent 0","Agent 1",748,339423380961390,339423383194622
"MEMORY_COPY","MEMORY_COPY_HOST_TO_DEVICE",1,"Agent 0","Agent 1",751,339423383274920,339423383281142
"MEMORY_COPY","MEMORY_COPY_HOST_TO_DEVICE",1,"Agent 0","Agent 1",760,339423383400848,339423383407219
"MEMORY_COPY","MEMORY_COPY_HOST_TO_DEVICE",1,"Agent 0","Agent 1",763,339423385119487,339423390201073
"MEMORY_COPY","MEMORY_COPY_HOST_TO_DEVICE",1,"Agent 0","Agent 1",763,339423390220036,339423391169092
"MEMORY_COPY","MEMORY_COPY_HOST_TO_DEVICE",1,"Agent 0","Agent 1",766,339423393641884,339423398735323
"MEMORY_COPY","MEMORY_COPY_HOST_TO_DEVICE",1,"Agent 0","Agent 1",766,339423398745397,339423402454215
"MEMORY_COPY","MEMORY_COPY_HOST_TO_DEVICE",1,"Agent 0","Agent 1",769,339423404521072,339423409603103
"MEMORY_COPY","MEMORY_COPY_HOST_TO_DEVICE",1,"Agent 0","Agent 1",769,339423409630067,339423410579716
"MEMORY_COPY","MEMORY_COPY_HOST_TO_DEVICE",1,"Agent 0","Agent 1",772,339423410677051,339423410683718
"MEMORY_COPY","MEMORY_COPY_HOST_TO_DEVICE",1,"Agent 0","Agent 1",775,339423411434400,339423413667928
"MEMORY_COPY","MEMORY_COPY_HOST_TO_DEVICE",1,"Agent 0","Agent 1",778,339423413855339,339423414305126
"MEMORY_COPY","MEMORY_COPY_HOST_TO_DEVICE",1,"Agent 0","Agent 1",781,339423414491204,339423414941436
"MEMORY_COPY","MEMORY_COPY_HOST_TO_DEVICE",1,"Agent 0","Agent 1",784,339423415650932,339423417883126
"MEMORY_COPY","MEMORY_COPY_HOST_TO_DEVICE",1,"Agent 0","Agent 1",787,339423417932609,339423417939276
"MEMORY_COPY","MEMORY_COPY_HOST_TO_DEVICE",1,"Agent 0","Agent 1",796,339423418064163,339423418070386
"MEMORY_COPY","MEMORY_COPY_HOST_TO_DEVICE",1,"Agent 0","Agent 1",799,339423420646146,339423425730844
"MEMORY_COPY","MEMORY_COPY_HOST_TO_DEVICE",1,"Agent 0","Agent 1",799,339423425760623,339423426710124
"MEMORY_COPY","MEMORY_COPY_HOST_TO_DEVICE",1,"Agent 0","Agent 1",802,339423428331194,339423433411003
"MEMORY_COPY","MEMORY_COPY_HOST_TO_DEVICE",1,"Agent 0","Agent 1",802,339423433425226,339423434375023
"MEMORY_COPY","MEMORY_COPY_HOST_TO_DEVICE",1,"Agent 0","Agent 1",805,339423437322195,339423442405856
"MEMORY_COPY","MEMORY_COPY_HOST_TO_DEVICE",1,"Agent 0","Agent 1",805,339423442433560,339423443383061
"MEMORY_COPY","MEMORY_COPY_HOST_TO_DEVICE",1,"Agent 0","Agent 1",808,339423443476100,339423443483063
"MEMORY_COPY","MEMORY_COPY_HOST_TO_DEVICE",1,"Agent 0","Agent 1",811,339423444445305,339423446679277
"MEMORY_COPY","MEMORY_COPY_HOST_TO_DEVICE",1,"Agent 0","Agent 1",814,339423447076323,339423447526406
"MEMORY_COPY","MEMORY_COPY_HOST_TO_DEVICE",1,"Agent 0","Agent 1",817,339423447748781,339423448199013
"MEMORY_COPY","MEMORY_COPY_HOST_TO_DEVICE",1,"Agent 0","Agent 1",820,339423449772527,339423452006202
"MEMORY_COPY","MEMORY_COPY_HOST_TO_DEVICE",1,"Agent 0","Agent 1",823,339423452048426,339423452055240
"MEMORY_COPY","MEMORY_COPY_HOST_TO_DEVICE",1,"Agent 0","Agent 1",832,339423452171984,339423452178799
"MEMORY_COPY","MEMORY_COPY_HOST_TO_DEVICE",1,"Agent 0","Agent 1",835,339423453744204,339423458825642
"MEMORY_COPY","MEMORY_COPY_HOST_TO_DEVICE",1,"Agent 0","Agent 1",835,339423458841049,339423459791439
"MEMORY_COPY","MEMORY_COPY_HOST_TO_DEVICE",1,"Agent 0","Agent 1",838,339423461537253,339423466618247
"MEMORY_COPY","MEMORY_COPY_HOST_TO_DEVICE",1,"Agent 0","Agent 1",838,339423466633506,339423467583304
"MEMORY_COPY","MEMORY_COPY_HOST_TO_DEVICE",1,"Agent 0","Agent 1",841,339423469320821,339423474403148
"MEMORY_COPY","MEMORY_COPY_HOST_TO_DEVICE",1,"Agent 0","Agent 1",841,339423474416778,339423475365835
"MEMORY_COPY","MEMORY_COPY_HOST_TO_DEVICE",1,"Agent 0","Agent 1",844,339423475435317,339423475442132
"MEMORY_COPY","MEMORY_COPY_HOST_TO_DEVICE",1,"Agent 0","Agent 1",847,339423476207185,339423478440268
"MEMORY_COPY","MEMORY_COPY_HOST_TO_DEVICE",1,"Agent 0","Agent 1",850,339423478831388,339423479281323
"MEMORY_COPY","MEMORY_COPY_HOST_TO_DEVICE",1,"Agent 0","Agent 1",853,339423479708739,339423480362975
"MEMORY_COPY","MEMORY_COPY_HOST_TO_DEVICE",1,"Agent 0","Agent 1",856,339423481140176,339423483373852
"MEMORY_COPY","MEMORY_COPY_HOST_TO_DEVICE",1,"Agent 0","Agent 1",859,339423483431779,339423483438594
"MEMORY_COPY","MEMORY_COPY_HOST_TO_DEVICE",1,"Agent 0","Agent 1",868,339423483561263,339423483568078
"MEMORY_COPY","MEMORY_COPY_HOST_TO_DEVICE",1,"Agent 0","Agent 1",871,339423485844717,339423490927637
"MEMORY_COPY","MEMORY_COPY_HOST_TO_DEVICE",1,"Agent 0","Agent 1",871,339423490944378,339423491893435
"MEMORY_COPY","MEMORY_COPY_HOST_TO_DEVICE",1,"Agent 0","Agent 1",874,339423493556136,339423498651204
"MEMORY_COPY","MEMORY_COPY_HOST_TO_DEVICE",1,"Agent 0","Agent 1",874,339423498682316,339423502390540
"MEMORY_COPY","MEMORY_COPY_HOST_TO_DEVICE",1,"Agent 0","Agent 1",877,339423504342136,339423509424019
"MEMORY_COPY","MEMORY_COPY_HOST_TO_DEVICE",1,"Agent 0","Agent 1",877,339423509443871,339423510393076
"MEMORY_COPY","MEMORY_COPY_HOST_TO_DEVICE",1,"Agent 0","Agent 1",880,339423510473226,339423510480041
"MEMORY_COPY","MEMORY_COPY_HOST_TO_DEVICE",1,"Agent 0","Agent 1",883,339423511214871,339423513448546
"MEMORY_COPY","MEMORY_COPY_HOST_TO_DEVICE",1,"Agent 0","Agent 1",886,339423513641439,339423514091226
"MEMORY_COPY","MEMORY_COPY_HOST_TO_DEVICE",1,"Agent 0","Agent 1",889,339423514271822,339423514722202
"MEMORY_COPY","MEMORY_COPY_HOST_TO_DEVICE",1,"Agent 0","Agent 1",892,339423515416883,339423517650855
"MEMORY_COPY","MEMORY_COPY_HOST_TO_DEVICE",1,"Agent 0","Agent 1",895,339423517718264,339423517725079
"MEMORY_COPY","MEMORY_COPY_HOST_TO_DEVICE",1,"Agent 0","Agent 1",904,339423517871452,339423517878267
"MEMORY_COPY","MEMORY_COPY_HOST_TO_DEVICE",1,"Agent 0","Agent 1",907,339423520171483,339423525252921
"MEMORY_COPY","MEMORY_COPY_HOST_TO_DEVICE",1,"Agent 0","Agent 1",907,339423525287587,339423526236496
"MEMORY_COPY","MEMORY_COPY_HOST_TO_DEVICE",1,"Agent 0","Agent 1",910,339423527934308,339423533015450
"MEMORY_COPY","MEMORY_COPY_HOST_TO_DEVICE",1,"Agent 0","Agent 1",910,339423533026858,339423533976063
"MEMORY_COPY","MEMORY_COPY_HOST_TO_DEVICE",1,"Agent 0","Agent 1",913,339423535689728,339423540771906
"MEMORY_COPY","MEMORY_COPY_HOST_TO_DEVICE",1,"Agent 0","Agent 1",913,339423540783018,339423541732519
"MEMORY_COPY","MEMORY_COPY_HOST_TO_DEVICE",1,"Agent 0","Agent 1",916,339423541774001,339423541780668
"MEMORY_COPY","MEMORY_COPY_HOST_TO_DEVICE",1,"Agent 0","Agent 1",919,339423542834764,339423545068143
"MEMORY_COPY","MEMORY_COPY_HOST_TO_DEVICE",1,"Agent 0","Agent 1",922,339423545336741,339423545786380
"MEMORY_COPY","MEMORY_COPY_HOST_TO_DEVICE",1,"Agent 0","Agent 1",925,339423546113202,339423546563433
"MEMORY_COPY","MEMORY_COPY_HOST_TO_DEVICE",1,"Agent 0","Agent 1",928,339423547316782,339423549550458
"MEMORY_COPY","MEMORY_COPY_HOST_TO_DEVICE",1,"Agent 0","Agent 1",931,339423549637719,339423549644534
"MEMORY_COPY","MEMORY_COPY_HOST_TO_DEVICE",1,"Agent 0","Agent 1",940,339423549798315,339423549804685
"MEMORY_COPY","MEMORY_COPY_HOST_TO_DEVICE",1,"Agent 0","Agent 1",943,339423551914655,339423556996982
"MEMORY_COPY","MEMORY_COPY_HOST_TO_DEVICE",1,"Agent 0","Agent 1",943,339423557041575,339423557990632
"MEMORY_COPY","MEMORY_COPY_HOST_TO_DEVICE",1,"Agent 0","Agent 1",946,339423561274552,339423566357175
"MEMORY_COPY","MEMORY_COPY_HOST_TO_DEVICE",1,"Agent 0","Agent 1",946,339423566371842,339423567321195
"MEMORY_COPY","MEMORY_COPY_HOST_TO_DEVICE",1,"Agent 0","Agent 1",949,339423569254272,339423574337488
"MEMORY_COPY","MEMORY_COPY_HOST_TO_DEVICE",1,"Agent 0","Agent 1",949,339423574355118,339423575304619
"MEMORY_COPY","MEMORY_COPY_HOST_TO_DEVICE",1,"Agent 0","Agent 1",952,339423575380176,339423575386991
"MEMORY_COPY","MEMORY_COPY_HOST_TO_DEVICE",1,"Agent 0","Agent 1",955,339423576629090,339423578862322
"MEMORY_COPY","MEMORY_COPY_HOST_TO_DEVICE",1,"Agent 0","Agent 1",958,339423579180402,339423579630338
"MEMORY_COPY","MEMORY_COPY_HOST_TO_DEVICE",1,"Agent 0","Agent 1",961,339423580061161,339423580714953
"MEMORY_COPY","MEMORY_COPY_HOST_TO_DEVICE",1,"Agent 0","Agent 1",964,339423581707862,339423583940945
"MEMORY_COPY","MEMORY_COPY_HOST_TO_DEVICE",1,"Agent 0","Agent 1",967,339423584017687,339423584024502
"MEMORY_COPY","MEMORY_COPY_HOST_TO_DEVICE",1,"Agent 0","Agent 1",976,339423584147764,339423584154135
"MEMORY_COPY","MEMORY_COPY_HOST_TO_DEVICE",1,"Agent 0","Agent 1",979,339423585995001,339423591077180
"MEMORY_COPY","MEMORY_COPY_HOST_TO_DEVICE",1,"Agent 0","Agent 1",979,339423591101624,339423592050533
"MEMORY_COPY","MEMORY_COPY_HOST_TO_DEVICE",1,"Agent 0","Agent 1",982,339423593969535,339423599064456
"MEMORY_COPY","MEMORY_COPY_HOST_TO_DEVICE",1,"Agent 0","Agent 1",982,339423599100308,339423602808237
"MEMORY_COPY","MEMORY_COPY_HOST_TO_DEVICE",1,"Agent 0","Agent 1",985,339423604474790,339423609556080
"MEMORY_COPY","MEMORY_COPY_HOST_TO_DEVICE",1,"Agent 0","Agent 1",985,339423609585710,339423610535063
"MEMORY_COPY","MEMORY_COPY_HOST_TO_DEVICE",1,"Agent 0","Agent 1",988,339423610627065,339423610633880
"MEMORY_COPY","MEMORY_COPY_HOST_TO_DEVICE",1,"Agent 0","Agent 1",991,339423611546639,339423613779574
"MEMORY_COPY","MEMORY_COPY_HOST_TO_DEVICE",1,"Agent 0","Agent 1",994,339423614078988,339423614528775
"MEMORY_COPY","MEMORY_COPY_HOST_TO_DEVICE",1,"Agent 0","Agent 1",997,339423614700038,339423615150121
"MEMORY_COPY","MEMORY_COPY_HOST_TO_DEVICE",1,"Agent 0","Agent 1",1000,339423616389702,339423618623230
"MEMORY_COPY","MEMORY_COPY_HOST_TO_DEVICE",1,"Agent 0","Agent 1",1003,339423618698195,339423618705010
"MEMORY_COPY","MEMORY_COPY_HOST_TO_DEVICE",1,"Agent 0","Agent 1",1012,339423618833160,339423618839531
"MEMORY_COPY","MEMORY_COPY_HOST_TO_DEVICE",1,"Agent 0","Agent 1",1015,339423621668182,339423626751546
"MEMORY_COPY","MEMORY_COPY_HOST_TO_DEVICE",1,"Agent 0","Agent 1",1015,339423626765324,339423627714381
"MEMORY_COPY","MEMORY_COPY_HOST_TO_DEVICE",1,"Agent 0","Agent 1",1018,339423629220486,339423634303258
"MEMORY_COPY","MEMORY_COPY_HOST_TO_DEVICE",1,"Agent 0","Agent 1",1018,339423634318369,339423635268315
"MEMORY_COPY","MEMORY_COPY_HOST_TO_DEVICE",1,"Agent 0","Agent 1",1021,339423639101283,339423644184054
"MEMORY_COPY","MEMORY_COPY_HOST_TO_DEVICE",1,"Agent 0","Agent 1",1021,339423644198277,339423645147630
"MEMORY_COPY","MEMORY_COPY_HOST_TO_DEVICE",1,"Agent 0","Agent 1",1024,339423645212076,339423645218891
"MEMORY_COPY","MEMORY_COPY_HOST_TO_DEVICE",1,"Agent 0","Agent 1",1027,339423646339210,339423648573034
"MEMORY_COPY","MEMORY_COPY_HOST_TO_DEVICE",1,"Agent 0","Agent 1",1030,339423648829928,339423649279715
"MEMORY_COPY","MEMORY_COPY_HOST_TO_DEVICE",1,"Agent 0","Agent 1",1033,339423649505942,339423649956470
"MEMORY_COPY","MEMORY_COPY_HOST_TO_DEVICE",1,"Agent 0","Agent 1",1036,339423651267312,339423653501136
"MEMORY_COPY","MEMORY_COPY_HOST_TO_DEVICE",1,"Agent 0","Agent 1",1039,339423653630570,339423653637385
"MEMORY_COPY","MEMORY_COPY_HOST_TO_DEVICE",1,"Agent 0","Agent 1",1048,339423653760646,339423653767017
"MEMORY_COPY","MEMORY_COPY_HOST_TO_DEVICE",1,"Agent 0","Agent 1",1051,339423655473570,339423660556786
"MEMORY_COPY","MEMORY_COPY_HOST_TO_DEVICE",1,"Agent 0","Agent 1",1051,339423660569972,339423661519917
"MEMORY_COPY","MEMORY_COPY_HOST_TO_DEVICE",1,"Agent 0","Agent 1",1054,339423663249583,339423668329391
"MEMORY_COPY","MEMORY_COPY_HOST_TO_DEVICE",1,"Agent 0","Agent 1",1054,339423668338132,339423669288967
"MEMORY_COPY","MEMORY_COPY_HOST_TO_DEVICE",1,"Agent 0","Agent 1",1057,339423671920576,339423677002607
"MEMORY_COPY","MEMORY_COPY_HOST_TO_DEVICE",1,"Agent 0","Agent 1",1057,339423677020089,339423677969146
"MEMORY_COPY","MEMORY_COPY_HOST_TO_DEVICE",1,"Agent 0","Agent 1",1060,339423678060111,339423678066926
"MEMORY_COPY","MEMORY_COPY_HOST_TO_DEVICE",1,"Agent 0","Agent 1",1063,339423678765607,339423680998986
"MEMORY_COPY","MEMORY_COPY_HOST_TO_DEVICE",1,"Agent 0","Agent 1",1066,339423681197953,339423681647888
"MEMORY_COPY","MEMORY_COPY_HOST_TO_DEVICE",1,"Agent 0","Agent 1",1069,339423681882560,339423682537092
"MEMORY_COPY","MEMORY_COPY_HOST_TO_DEVICE",1,"Agent 0","Agent 1",1072,339423683294145,339423685527376
"MEMORY_COPY","MEMORY_COPY_HOST_TO_DEVICE",1,"Agent 0","Agent 1",1075,339423685565599,339423685572266
"MEMORY_COPY","MEMORY_COPY_HOST_TO_DEVICE",1,"Agent 0","Agent 1",1084,339423685694046,339423685701157
"MEMORY_COPY","MEMORY_COPY_HOST_TO_DEVICE",1,"Agent 0","Agent 1",1087,339423688114392,339423693196719
"MEMORY_COPY","MEMORY_COPY_HOST_TO_DEVICE",1,"Agent 0","Agent 1",1087,339423693226942,339423694176147
"MEMORY_COPY","MEMORY_COPY_HOST_TO_DEVICE",1,"Agent 0","Agent 1",1090,339423695741661,339423700836284
"MEMORY_COPY","MEMORY_COPY_HOST_TO_DEVICE",1,"Agent 0","Agent 1",1090,339423700846655,339423704553991
"MEMORY_COPY","MEMORY_COPY_HOST_TO_DEVICE",1,"Agent 0","Agent 1",1093,339423706057429,339423711139312
"MEMORY_COPY","MEMORY_COPY_HOST_TO_DEVICE",1,"Agent 0","Agent 1",1093,339423711148497,339423712097998
"MEMORY_COPY","MEMORY_COPY_HOST_TO_DEVICE",1,"Agent 0","Agent 1",1096,339423712139777,339423712146592
"MEMORY_COPY","MEMORY_COPY_HOST_TO_DEVICE",1,"Agent 0","Agent 1",1099,339423712835347,339423715068430
"MEMORY_COPY","MEMORY_COPY_HOST_TO_DEVICE",1,"Agent 0","Agent 1",1102,339423715252138,339423715701925
"MEMORY_COPY","MEMORY_COPY_HOST_TO_DEVICE",1,"Agent 0","Agent 1",1105,339423715912256,339423716362488
"MEMORY_COPY","MEMORY_COPY_HOST_TO_DEVICE",1,"Agent 0","Agent 1",1108,339423717118502,339423719352178
"MEMORY_COPY","MEMORY_COPY_HOST_TO_DEVICE",1,"Agent 0","Agent 1",1111,339423719421513,339423719428180
"MEMORY_COPY","MEMORY_COPY_HOST_TO_DEVICE",1,"Agent 0","Agent 1",1120,339423719549219,339423719555886
"MEMORY_COPY","MEMORY_COPY_HOST_TO_DEVICE",1,"Agent 0","Agent 1",1123,339423721083918,339423726165949
"MEMORY_COPY","MEMORY_COPY_HOST_TO_DEVICE",1,"Agent 0","Agent 1",1123,339423726177505,339423727126858
"MEMORY_COPY","MEMORY_COPY_HOST_TO_DEVICE",1,"Agent 0","Agent 1",1126,339423729705134,339423734785980
"MEMORY_COPY","MEMORY_COPY_HOST_TO_DEVICE",1,"Agent 0","Agent 1",1126,339423734824499,339423735773704
"MEMORY_COPY","MEMORY_COPY_HOST_TO_DEVICE",1,"Agent 0","Agent 1",1129,339423737617298,339423742699477
"MEMORY_COPY","MEMORY_COPY_HOST_TO_DEVICE",1,"Agent 0","Agent 1",1129,339423742714292,339423743664386
"MEMORY_COPY","MEMORY_COPY_HOST_TO_DEVICE",1,"Agent 0","Agent 1",1132,339423743760981,339423743767648
"MEMORY_COPY","MEMORY_COPY_HOST_TO_DEVICE",1,"Agent 0","Agent 1",1135,339423744438180,339423746671856
"MEMORY_COPY","MEMORY_COPY_HOST_TO_DEVICE",1,"Agent 0","Agent 1",1138,339423746894231,339423747344611
"MEMORY_COPY","MEMORY_COPY_HOST_TO_DEVICE",1,"Agent 0","Agent 1",1141,339423747644469,339423748094997
"MEMORY_COPY","MEMORY_COPY_HOST_TO_DEVICE",1,"Agent 0","Agent 1",1144,339423749098721,339423751331212
"MEMORY_COPY","MEMORY_COPY_HOST_TO_DEVICE",1,"Agent 0","Agent 1",1147,339423751415362,339423751422028
"MEMORY_COPY","MEMORY_COPY_HOST_TO_DEVICE",1,"Agent 0","Agent 1",1156,339423751542031,339423751548846
"MEMORY_COPY","MEMORY_COPY_HOST_TO_DEVICE",1,"Agent 0","Agent 1",1159,339423753129323,339423758211799
"MEMORY_COPY","MEMORY_COPY_HOST_TO_DEVICE",1,"Agent 0","Agent 1",1159,339423758249193,339423759198843
"MEMORY_COPY","MEMORY_COPY_HOST_TO_DEVICE",1,"Agent 0","Agent 1",1162,339423761340456,339423766421747
"MEMORY_COPY","MEMORY_COPY_HOST_TO_DEVICE",1,"Agent 0","Agent 1",1162,339423766455822,339423767405619
"MEMORY_COPY","MEMORY_COPY_HOST_TO_DEVICE",1,"Agent 0","Agent 1",1165,339423770229974,339423775310968
"MEMORY_COPY","MEMORY_COPY_HOST_TO_DEVICE",1,"Agent 0","Agent 1",1165,339423775321043,339423776270692
"MEMORY_COPY","MEMORY_COPY_HOST_TO_DEVICE",1,"Agent 0","Agent 1",1168,339423776358475,339423776365290
"MEMORY_COPY","MEMORY_COPY_HOST_TO_DEVICE",1,"Agent 0","Agent 1",1171,339423777418346,339423779652022
"MEMORY_COPY","MEMORY_COPY_HOST_TO_DEVICE",1,"Agent 0","Agent 1",1174,339423779954842,339423780405073
"MEMORY_COPY","MEMORY_COPY_HOST_TO_DEVICE",1,"Agent 0","Agent 1",1177,339423780595003,339423781249239
"MEMORY_COPY","MEMORY_COPY_HOST_TO_DEVICE",1,"Agent 0","Agent 1",1180,339423782276519,339423784510195
"MEMORY_COPY","MEMORY_COPY_HOST_TO_DEVICE",1,"Agent 0","Agent 1",1183,339423784551085,339423784557900
"MEMORY_COPY","MEMORY_COPY_HOST_TO_DEVICE",1,"Agent 0","Agent 1",1192,339423784707532,339423784713903
"MEMORY_COPY","MEMORY_COPY_HOST_TO_DEVICE",1,"Agent 0","Agent 1",1195,339423787092174,339423792175242
"MEMORY_COPY","MEMORY_COPY_HOST_TO_DEVICE",1,"Agent 0","Agent 1",1195,339423792194206,339423793143410
"MEMORY_COPY","MEMORY_COPY_HOST_TO_DEVICE",1,"Agent 0","Agent 1",1198,339423795456495,339423800557045
"MEMORY_COPY","MEMORY_COPY_HOST_TO_DEVICE",1,"Agent 0","Agent 1",1198,339423800568453,339423804277418
"MEMORY_COPY","MEMORY_COPY_HOST_TO_DEVICE",1,"Agent 0","Agent 1",1201,339423805933304,339423811015631
"MEMORY_COPY","MEMORY_COPY_HOST_TO_DEVICE",1,"Agent 0","Agent 1",1201,339423811039039,339423811988540
"MEMORY_COPY","MEMORY_COPY_HOST_TO_DEVICE",1,"Agent 0","Agent 1",1204,339423812071950,339423812079061
"MEMORY_COPY","MEMORY_COPY_HOST_TO_DEVICE",1,"Agent 0","Agent 1",1207,339423812733593,339423814966232
"MEMORY_COPY","MEMORY_COPY_HOST_TO_DEVICE",1,"Agent 0","Agent 1",1210,339423815185347,339423815634986
"MEMORY_COPY","MEMORY_COPY_HOST_TO_DEVICE",1,"Agent 0","Agent 1",1213,339423815831138,339423816281222
"MEMORY_COPY","MEMORY_COPY_HOST_TO_DEVICE",1,"Agent 0","Agent 1",1216,339423816893679,339423819127058
"MEMORY_COPY","MEMORY_COPY_HOST_TO_DEVICE",1,"Agent 0","Agent 1",1219,339423819184245,339423819191060
"MEMORY_COPY","MEMORY_COPY_HOST_TO_DEVICE",1,"Agent 0","Agent 1",1228,339423819319655,339423819326025
"MEMORY_COPY","MEMORY_COPY_HOST_TO_DEVICE",1,"Agent 0","Agent 1",1231,339423820854353,339423825936384
"MEMORY_COPY","MEMORY_COPY_HOST_TO_DEVICE",1,"Agent 0","Agent 1",1231,339423825971051,339423826920108
"MEMORY_COPY","MEMORY_COPY_HOST_TO_DEVICE",1,"Agent 0","Agent 1",1234,339423828695997,339423833777731
"MEMORY_COPY","MEMORY_COPY_HOST_TO_DEVICE",1,"Agent 0","Agent 1",1234,339423833819658,339423834769011
"MEMORY_COPY","MEMORY_COPY_HOST_TO_DEVICE",1,"Agent 0","Agent 1",1237,339423836424749,339423841506928
"MEMORY_COPY","MEMORY_COPY_HOST_TO_DEVICE",1,"Agent 0","Agent 1",1237,339423841531754,339423842481255
"MEMORY_COPY","MEMORY_COPY_HOST_TO_DEVICE",1,"Agent 0","Agent 1",1240,339423842605256,339423842612071
"MEMORY_COPY","MEMORY_COPY_HOST_TO_DEVICE",1,"Agent 0","Agent 1",1243,339423843380828,339423845613170
"MEMORY_COPY","MEMORY_COPY_HOST_TO_DEVICE",1,"Agent 0","Agent 1",1246,339423845898658,339423846348593
"MEMORY_COPY","MEMORY_COPY_HOST_TO_DEVICE",1,"Agent 0","Agent 1",1249,339423846538819,339423846988162
"MEMORY_COPY","MEMORY_COPY_HOST_TO_DEVICE",1,"Agent 0","Agent 1",1252,339423847674843,339423849907481
"MEMORY_COPY","MEMORY_COPY_HOST_TO_DEVICE",1,"Agent 0","Agent 1",1255,339423849949852,339423849957112
"MEMORY_COPY","MEMORY_COPY_HOST_TO_DEVICE",1,"Agent 0","Agent 1",1264,339423850083929,339423850090152
"MEMORY_COPY","MEMORY_COPY_HOST_TO_DEVICE",1,"Agent 0","Agent 1",1267,339423851717741,339423856799179
"MEMORY_COPY","MEMORY_COPY_HOST_TO_DEVICE",1,"Agent 0","Agent 1",1267,339423856820661,339423857770458
"MEMORY_COPY","MEMORY_COPY_HOST_TO_DEVICE",1,"Agent 0","Agent 1",1270,339423859416714,339423864496671
"MEMORY_COPY","MEMORY_COPY_HOST_TO_DEVICE",1,"Agent 0","Agent 1",1270,339423864529264,339423865480247
"MEMORY_COPY","MEMORY_COPY_HOST_TO_DEVICE",1,"Agent 0","Agent 1",1273,339423867161763,339423872243201
"MEMORY_COPY","MEMORY_COPY_HOST_TO_DEVICE",1,"Agent 0","Agent 1",1273,339423872252831,339423873202036
"MEMORY_COPY","MEMORY_COPY_HOST_TO_DEVICE",1,"Agent 0","Agent 1",1276,339423873252407,339423873259222
"MEMORY_COPY","MEMORY_COPY_HOST_TO_DEVICE",1,"Agent 0","Agent 1",1279,339423873970200,339423876203727
"MEMORY_COPY","MEMORY_COPY_HOST_TO_DEVICE",1,"Agent 0","Agent 1",1282,339423876464325,339423876914853
"MEMORY_COPY","MEMORY_COPY_HOST_TO_DEVICE",1,"Agent 0","Agent 1",1285,339423877238267,339423877892651
"MEMORY_COPY","MEMORY_COPY_HOST_TO_DEVICE",1,"Agent 0","Agent 1",1288,339423878628666,339423880861898
"MEMORY_COPY","MEMORY_COPY_HOST_TO_DEVICE",1,"Agent 0","Agent 1",1291,339423880928714,339423880935381
"MEMORY_COPY","MEMORY_COPY_HOST_TO_DEVICE",1,"Agent 0","Agent 1",1300,339423881069457,339423881075828
"MEMORY_COPY","MEMORY_COPY_HOST_TO_DEVICE",1,"Agent 0","Agent 1",1303,339423882617193,339423887698779
"MEMORY_COPY","MEMORY_COPY_HOST_TO_DEVICE",1,"Agent 0","Agent 1",1303,339423887715372,339423888664429
"MEMORY_COPY","MEMORY_COPY_HOST_TO_DEVICE",1,"Agent 0","Agent 1",1306,339423890348612,339423895442939
"MEMORY_COPY","MEMORY_COPY_HOST_TO_DEVICE",1,"Agent 0","Agent 1",1306,339423895461310,339423899169386
"MEMORY_COPY","MEMORY_COPY_HOST_TO_DEVICE",1,"Agent 0","Agent 1",1309,339423900987361,339423906071614
"MEMORY_COPY","MEMORY_COPY_HOST_TO_DEVICE",1,"Agent 0","Agent 1",1309,339423906106725,339423907056226
"MEMORY_COPY","MEMORY_COPY_HOST_TO_DEVICE",1,"Agent 0","Agent 1",1312,339423907160821,339423907167635
"MEMORY_COPY","MEMORY_COPY_HOST_TO_DEVICE",1,"Agent 0","Agent 1",1315,339423908590776,339423910824304
"MEMORY_COPY","MEMORY_COPY_HOST_TO_DEVICE",1,"Agent 0","Agent 1",1318,339423911035419,339423911485502
"MEMORY_COPY","MEMORY_COPY_HOST_TO_DEVICE",1,"Agent 0","Agent 1",1321,339423911858695,339423912308927
"MEMORY_COPY","MEMORY_COPY_HOST_TO_DEVICE",1,"Agent 0","Agent 1",1324,339423913437098,339423915670033
"MEMORY_COPY","MEMORY_COPY_HOST_TO_DEVICE",1,"Agent 0","Agent 1",1327,339423915710923,339423915718034
"MEMORY_COPY","MEMORY_COPY_HOST_TO_DEVICE",1,"Agent 0","Agent 1",1336,339423915846185,339423915852555
"MEMORY_COPY","MEMORY_COPY_HOST_TO_DEVICE",1,"Agent 0","Agent 1",1339,339423917999563,339423923080853
"MEMORY_COPY","MEMORY_COPY_HOST_TO_DEVICE",1,"Agent 0","Agent 1",1339,339423923117002,339423924066651
"MEMORY_COPY","MEMORY_COPY_HOST_TO_DEVICE",1,"Agent 0","Agent 1",1342,339423926302993,339423931383987
"MEMORY_COPY","MEMORY_COPY_HOST_TO_DEVICE",1,"Agent 0","Agent 1",1342,339423931423099,339423932372304
"MEMORY_COPY","MEMORY_COPY_HOST_TO_DEVICE",1,"Agent 0","Agent 1",1345,339423934232490,339423939313928
"MEMORY_COPY","MEMORY_COPY_HOST_TO_DEVICE",1,"Agent 0","Agent 1",1345,339423939337484,339423940287578
"MEMORY_COPY","MEMORY_COPY_HOST_TO_DEVICE",1,"Agent 0","Agent 1",1348,339423940388617,339423940395432
"MEMORY_COPY","MEMORY_COPY_HOST_TO_DEVICE",1,"Agent 0","Agent 1",1351,339423941706126,339423943939209
"MEMORY_COPY","MEMORY_COPY_HOST_TO_DEVICE",1,"Agent 0","Agent 1",1354,339423944161880,339423944612260
"MEMORY_COPY","MEMORY_COPY_HOST_TO_DEVICE",1,"Agent 0","Agent 1",1357,339423944983675,339423945433758
"MEMORY_COPY","MEMORY_COPY_HOST_TO_DEVICE",1,"Agent 0","Agent 1",1360,339423946363555,339423948596787
"MEMORY_COPY","MEMORY_COPY_HOST_TO_DEVICE",1,"Agent 0","Agent 1",1363,339423948636343,339423948643010
"MEMORY_COPY","MEMORY_COPY_HOST_TO_DEVICE",1,"Agent 0","Agent 1",1372,339423948782568,339423948789383
"MEMORY_COPY","MEMORY_COPY_HOST_TO_DEVICE",1,"Agent 0","Agent 1",1375,339423951287064,339423956371021
"MEMORY_COPY","MEMORY_COPY_HOST_TO_DEVICE",1,"Agent 0","Agent 1",1375,339423956386873,339423957335782
"MEMORY_COPY","MEMORY_COPY_HOST_TO_DEVICE",1,"Agent 0","Agent 1",1378,339423959621310,339423964702600
"MEMORY_COPY","MEMORY_COPY_HOST_TO_DEVICE",1,"Agent 0","Agent 1",1378,339423964719193,339423965667806
"MEMORY_COPY","MEMORY_COPY_HOST_TO_DEVICE",1,"Agent 0","Agent 1",1381,339423967750194,339423972832225
"MEMORY_COPY","MEMORY_COPY_HOST_TO_DEVICE",1,"Agent 0","Agent 1",1381,339423972852965,339423973802170
"MEMORY_COPY","MEMORY_COPY_HOST_TO_DEVICE",1,"Agent 0","Agent 1",1384,339423973885727,339423973892691
"MEMORY_COPY","MEMORY_COPY_HOST_TO_DEVICE",1,"Agent 0","Agent 1",1387,339423974822784,339423977056459
"MEMORY_COPY","MEMORY_COPY_HOST_TO_DEVICE",1,"Agent 0","Agent 1",1390,339423977388022,339423977838402
"MEMORY_COPY","MEMORY_COPY_HOST_TO_DEVICE",1,"Agent 0","Agent 1",1393,339423978338856,339423978992944
"MEMORY_COPY","MEMORY_COPY_HOST_TO_DEVICE",1,"Agent 0","Agent 1",1396,339423979806442,339423982039822
"MEMORY_COPY","MEMORY_COPY_HOST_TO_DEVICE",1,"Agent 0","Agent 1",1399,339423982107378,339423982114193
"MEMORY_COPY","MEMORY_COPY_HOST_TO_DEVICE",1,"Agent 0","Agent 1",1408,339423982479682,339423982486497
"MEMORY_COPY","MEMORY_COPY_HOST_TO_DEVICE",1,"Agent 0","Agent 1",1411,339423984663431,339423989746795
"MEMORY_COPY","MEMORY_COPY_HOST_TO_DEVICE",1,"Agent 0","Agent 1",1411,339423989760721,339423990710223
"MEMORY_COPY","MEMORY_COPY_HOST_TO_DEVICE",1,"Agent 0","Agent 1",1414,339423993425538,339423998521791
"MEMORY_COPY","MEMORY_COPY_HOST_TO_DEVICE",1,"Agent 0","Agent 1",1414,339423998565940,339424002273868
"MEMORY_COPY","MEMORY_COPY_HOST_TO_DEVICE",1,"Agent 0","Agent 1",1417,339424004078350,339424009160529
"MEMORY_COPY","MEMORY_COPY_HOST_TO_DEVICE",1,"Agent 0","Agent 1",1417,339424009172085,339424010120993
"MEMORY_COPY","MEMORY_COPY_HOST_TO_DEVICE",1,"Agent 0","Agent 1",1420,339424010181291,339424010188106
"MEMORY_COPY","MEMORY_COPY_HOST_TO_DEVICE",1,"Agent 0","Agent 1",1423,339424010893009,339424013126833
"MEMORY_COPY","MEMORY_COPY_HOST_TO_DEVICE",1,"Agent 0","Agent 1",1426,339424013331134,339424013781069
"MEMORY_COPY","MEMORY_COPY_HOST_TO_DEVICE",1,"Agent 0","Agent 1",1429,339424013992629,339424014442564
"MEMORY_COPY","MEMORY_COPY_HOST_TO_DEVICE",1,"Agent 0","Agent 1",1432,339424015193839,339424017427218
"MEMORY_COPY","MEMORY_COPY_HOST_TO_DEVICE",1,"Agent 0","Agent 1",1435,339424017508553,339424017515368
"MEMORY_COPY","MEMORY_COPY_HOST_TO_DEVICE",1,"Agent 0","Agent 1",1444,339424017636111,339424017642926
"MEMORY_COPY","MEMORY_COPY_HOST_TO_DEVICE",1,"Agent 0","Agent 1",1447,339424020518986,339424025600572
"MEMORY_COPY","MEMORY_COPY_HOST_TO_DEVICE",1,"Agent 0","Agent 1",1447,339424025622054,339424026571110
"MEMORY_COPY","MEMORY_COPY_HOST_TO_DEVICE",1,"Agent 0","Agent 1",1450,339424028477964,339424033558958
"MEMORY_COPY","MEMORY_COPY_HOST_TO_DEVICE",1,"Agent 0","Agent 1",1450,339424033621034,339424034570386
"MEMORY_COPY","MEMORY_COPY_HOST_TO_DEVICE",1,"Agent 0","Agent 1",1453,339424036863607,339424041945489
"MEMORY_COPY","MEMORY_COPY_HOST_TO_DEVICE",1,"Agent 0","Agent 1",1453,339424041965785,339424042914990
"MEMORY_COPY","MEMORY_COPY_HOST_TO_DEVICE",1,"Agent 0","Agent 1",1456,339424042980621,339424042987436
"MEMORY_COPY","MEMORY_COPY_HOST_TO_DEVICE",1,"Agent 0","Agent 1",1459,339424044100052,339424046333876
"MEMORY_COPY","MEMORY_COPY_HOST_TO_DEVICE",1,"Agent 0","Agent 1",1462,339424046663216,339424047113447
"MEMORY_COPY","MEMORY_COPY_HOST_TO_DEVICE",1,"Agent 0","Agent 1",1465,339424047389749,339424047839536
"MEMORY_COPY","MEMORY_COPY_HOST_TO_DEVICE",1,"Agent 0","Agent 1",1468,339424048987412,339424051220791
"MEMORY_COPY","MEMORY_COPY_HOST_TO_DEVICE",1,"Agent 0","Agent 1",1471,339424051262718,339424051269829
"MEMORY_COPY","MEMORY_COPY_HOST_TO_DEVICE",1,"Agent 0","Agent 1",1480,339424051397388,339424051403758
"MEMORY_COPY","MEMORY_COPY_HOST_TO_DEVICE",1,"Agent 0","Agent 1",1483,339424053822475,339424058906135
"MEMORY_COPY","MEMORY_COPY_HOST_TO_DEVICE",1,"Agent 0","Agent 1",1483,339424058925395,339424059875785
"MEMORY_COPY","MEMORY_COPY_HOST_TO_DEVICE",1,"Agent 0","Agent 1",1486,339424062022792,339424067106157
"MEMORY_COPY","MEMORY_COPY_HOST_TO_DEVICE",1,"Agent 0","Agent 1",1486,339424067123639,339424068073880
"MEMORY_COPY","MEMORY_COPY_HOST_TO_DEVICE",1,"Agent 0","Agent 1",1489,339424069846362,339424074928985
"MEMORY_COPY","MEMORY_COPY_HOST_TO_DEVICE",1,"Agent 0","Agent 1",1489,339424074975208,339424075924561
"MEMORY_COPY","MEMORY_COPY_HOST_TO_DEVICE",1,"Agent 0","Agent 1",1492,339424076043082,339424076049897
"MEMORY_COPY","MEMORY_COPY_HOST_TO_DEVICE",1,"Agent 0","Agent 1",1495,339424077377036,339424079611156
"MEMORY_COPY","MEMORY_COPY_HOST_TO_DEVICE",1,"Agent 0","Agent 1",1498,339424080020498,339424080470877
"MEMORY_COPY","MEMORY_COPY_HOST_TO_DEVICE",1,"Agent 0","Agent 1",1501,339424080792662,339424081446601
"MEMORY_COPY","MEMORY_COPY_HOST_TO_DEVICE",1,"Agent 0","Agent 1",1504,339424083123673,339424085357793
"MEMORY_COPY","MEMORY_COPY_HOST_TO_DEVICE",1,"Agent 0","Agent 1",1507,339424085457203,339424085463870
"MEMORY_COPY","MEMORY_COPY_HOST_TO_DEVICE",1,"Agent 0","Agent 1",1516,339424085583131,339424085589502
"MEMORY_COPY","MEMORY_COPY_HOST_TO_DEVICE",1,"Agent 0","Agent 1",1519,339424087669249,339424092751279
"MEMORY_COPY","MEMORY_COPY_HOST_TO_DEVICE",1,"Agent 0","Agent 1",1519,339424092793947,339424093743004
"MEMORY_COPY","MEMORY_COPY_HOST_TO_DEVICE",1,"Agent 0","Agent 1",1522,339424095816232,339424100910707
"MEMORY_COPY","MEMORY_COPY_HOST_TO_DEVICE",1,"Agent 0","Agent 1",1522,339424100934481,339424104642113
"MEMORY_COPY","MEMORY_COPY_HOST_TO_DEVICE",1,"Agent 0","Agent 1",1525,339424107036976,339424112118711
"MEMORY_COPY","MEMORY_COPY_HOST_TO_DEVICE",1,"Agent 0","Agent 1",1525,339424112151600,339424113100657
"MEMORY_COPY","MEMORY_COPY_HOST_TO_DEVICE",1,"Agent 0","Agent 1",1528,339424113198733,339424113205548
"MEMORY_COPY","MEMORY_COPY_HOST_TO_DEVICE",1,"Agent 0","Agent 1",1531,339424114203347,339424116437763
"MEMORY_COPY","MEMORY_COPY_HOST_TO_DEVICE",1,"Agent 0","Agent 1",1534,339424116630804,339424117081036
"MEMORY_COPY","MEMORY_COPY_HOST_TO_DEVICE",1,"Agent 0","Agent 1",1537,339424117372005,339424118026092
"MEMORY_COPY","MEMORY_COPY_HOST_TO_DEVICE",1,"Agent 0","Agent 1",1540,339424119121374,339424121355642
"MEMORY_COPY","MEMORY_COPY_HOST_TO_DEVICE",1,"Agent 0","Agent 1",1543,339424121397125,339424121403940
"MEMORY_COPY","MEMORY_COPY_HOST_TO_DEVICE",1,"Agent 0","Agent 1",1552,339424121527794,339424121534165
"MEMORY_COPY","MEMORY_COPY_HOST_TO_DEVICE",1,"Agent 0","Agent 1",1555,339424123135531,339424128218154
"MEMORY_COPY","MEMORY_COPY_HOST_TO_DEVICE",1,"Agent 0","Agent 1",1555,339424128238451,339424129188100
"MEMORY_COPY","MEMORY_COPY_HOST_TO_DEVICE",1,"Agent 0","Agent 1",1558,339424131189179,339424136283062
"MEMORY_COPY","MEMORY_COPY_HOST_TO_DEVICE",1,"Agent 0","Agent 1",1558,339424136295951,339424140003731
"MEMORY_COPY","MEMORY_COPY_HOST_TO_DEVICE",1,"Agent 0","Agent 1",1561,339424141505244,339424146587423
"MEMORY_COPY","MEMORY_COPY_HOST_TO_DEVICE",1,"Agent 0","Agent 1",1561,339424146606238,339424147555591
"MEMORY_COPY","MEMORY_COPY_HOST_TO_DEVICE",1,"Agent 0","Agent 1",1564,339424147639296,339424147646111
"MEMORY_COPY","MEMORY_COPY_HOST_TO_DEVICE",1,"Agent 0","Agent 1",1567,339424148762875,339424150996551
"MEMORY_COPY","MEMORY_COPY_HOST_TO_DEVICE",1,"Agent 0","Agent 1",1570,339424151262926,339424151712714
"MEMORY_COPY","MEMORY_COPY_HOST_TO_DEVICE",1,"Agent 0","Agent 1",1573,339424152065462,339424152719994
"MEMORY_COPY","MEMORY_COPY_HOST_TO_DEVICE",1,"Agent 0","Agent 1",1576,339424153677495,339424155911022
"MEMORY_COPY","MEMORY_COPY_HOST_TO_DEVICE",1,"Agent 0","Agent 1",1579,339424155949542,339424155956357
"MEMORY_COPY","MEMORY_COPY_HOST_TO_DEVICE",1,"Agent 0","Agent 1",1588,339424156103619,339424156109990
"MEMORY_COPY","MEMORY_COPY_HOST_TO_DEVICE",1,"Agent 0","Agent 1",1591,339424157571057,339424162653384
"MEMORY_COPY","MEMORY_COPY_HOST_TO_DEVICE",1,"Agent 0","Agent 1",1591,339424162664347,339424163613700
"MEMORY_COPY","MEMORY_COPY_HOST_TO_DEVICE",1,"Agent 0","Agent 1",1594,339424165673405,339424170767436
"MEMORY_COPY","MEMORY_COPY_HOST_TO_DEVICE",1,"Agent 0","Agent 1",1594,339424170805955,339424174514624
"MEMORY_COPY","MEMORY_COPY_HOST_TO_DEVICE",1,"Agent 0","Agent 1",1597,339424176228437,339424181309876
"MEMORY_COPY","MEMORY_COPY_HOST_TO_DEVICE",1,"Agent 0","Agent 1",1597,339424181320987,339424182270636
"MEMORY_COPY","MEMORY_COPY_HOST_TO_DEVICE",1,"Agent 0","Agent 1",1600,339424182334638,339424182341453
"MEMORY_COPY","MEMORY_COPY_HOST_TO_DEVICE",1,"Agent 0","Agent 1",1603,339424183067690,339424185300773
"MEMORY_COPY","MEMORY_COPY_HOST_TO_DEVICE",1,"Agent 0","Agent 1",1606,339424185554260,339424186004195
"MEMORY_COPY","MEMORY_COPY_HOST_TO_DEVICE",1,"Agent 0","Agent 1",1609,339424186255311,339424186909251
"MEMORY_COPY","MEMORY_COPY_HOST_TO_DEVICE",1,"Agent 0","Agent 1",1612,339424187614006,339424189846941
"MEMORY_COPY","MEMORY_COPY_HOST_TO_DEVICE",1,"Agent 0","Agent 1",1615,339424189937462,339424189944276
"MEMORY_COPY","MEMORY_COPY_HOST_TO_DEVICE",1,"Agent 0","Agent 1",1624,339424190095391,339424190102502
"MEMORY_COPY","MEMORY_COPY_HOST_TO_DEVICE",1,"Agent 0","Agent 1",1627,339424192732779,339424197817032
"MEMORY_COPY","MEMORY_COPY_HOST_TO_DEVICE",1,"Agent 0","Agent 1",1627,339424197827551,339424198777644
"MEMORY_COPY","MEMORY_COPY_HOST_TO_DEVICE",1,"Agent 0","Agent 1",1630,339424200412049,339424205505487
"MEMORY_COPY","MEMORY_COPY_HOST_TO_DEVICE",1,"Agent 0","Agent 1",1630,339424205519265,339424209227342
"MEMORY_COPY","MEMORY_COPY_HOST_TO_DEVICE",1,"Agent 0","Agent 1",1633,339424211988140,339424217070319
"MEMORY_COPY","MEMORY_COPY_HOST_TO_DEVICE",1,"Agent 0","Agent 1",1633,339424217083356,339424218032857
"MEMORY_COPY","MEMORY_COPY_HOST_TO_DEVICE",1,"Agent 0","Agent 1",1636,339424218097155,339424218103970
"MEMORY_COPY","MEMORY_COPY_HOST_TO_DEVICE",1,"Agent 0","Agent 1",1639,339424218845022,339424221078254
"MEMORY_COPY","MEMORY_COPY_HOST_TO_DEVICE",1,"Agent 0","Agent 1",1642,339424221252776,339424221702415
"MEMORY_COPY","MEMORY_COPY_HOST_TO_DEVICE",1,"Agent 0","Agent 1",1645,339424221951605,339424222606137
"MEMORY_COPY","MEMORY_COPY_HOST_TO_DEVICE",1,"Agent 0","Agent 1",1648,339424223312818,339424225546494
"MEMORY_COPY","MEMORY_COPY_HOST_TO_DEVICE",1,"Agent 0","Agent 1",1651,339424225586199,339424225593014
"MEMORY_COPY","MEMORY_COPY_HOST_TO_DEVICE",1,"Agent 0","Agent 1",1660,339424225713313,339424225720127
"MEMORY_COPY","MEMORY_COPY_HOST_TO_DEVICE",1,"Agent 0","Agent 1",1663,339424227247715,339424232329597
"MEMORY_COPY","MEMORY_COPY_HOST_TO_DEVICE",1,"Agent 0","Agent 1",1663,339424232339848,339424233289201
"MEMORY_COPY","MEMORY_COPY_HOST_TO_DEVICE",1,"Agent 0","Agent 1",1666,339424234995902,339424240091414
"MEMORY_COPY","MEMORY_COPY_HOST_TO_DEVICE",1,"Agent 0","Agent 1",1666,339424240123860,339424243831936
"MEMORY_COPY","MEMORY_COPY_HOST_TO_DEVICE",1,"Agent 0","Agent 1",1669,339424245459377,339424250540667
"MEMORY_COPY","MEMORY_COPY_HOST_TO_DEVICE",1,"Agent 0","Agent 1",1669,339424250551482,339424251501131
"MEMORY_COPY","MEMORY_COPY_HOST_TO_DEVICE",1,"Agent 0","Agent 1",1672,339424251576244,339424251583059
"MEMORY_COPY","MEMORY_COPY_HOST_TO_DEVICE",1,"Agent 0","Agent 1",1675,339424252311222,339424254544453
"MEMORY_COPY","MEMORY_COPY_HOST_TO_DEVICE",1,"Agent 0","Agent 1",1678,339424254727717,339424255177800
"MEMORY_COPY","MEMORY_COPY_HOST_TO_DEVICE",1,"Agent 0","Agent 1",1681,339424255438546,339424256093226
"MEMORY_COPY","MEMORY_COPY_HOST_TO_DEVICE",1,"Agent 0","Agent 1",1684,339424256770277,339424259003508
"MEMORY_COPY","MEMORY_COPY_HOST_TO_DEVICE",1,"Agent 0","Agent 1",1687,339424259045139,339424259051806
"MEMORY_COPY","MEMORY_COPY_HOST_TO_DEVICE",1,"Agent 0","Agent 1",1696,339424259176105,339424259182920
"MEMORY_COPY","MEMORY_COPY_HOST_TO_DEVICE",1,"Agent 0","Agent 1",1699,339424263050407,339424268134808
"MEMORY_COPY","MEMORY_COPY_HOST_TO_DEVICE",1,"Agent 0","Agent 1",1699,339424268143401,339424269092754
"MEMORY_COPY","MEMORY_COPY_HOST_TO_DEVICE",1,"Agent 0","Agent 1",1702,339424270624489,339424275718372
"MEMORY_COPY","MEMORY_COPY_HOST_TO_DEVICE",1,"Agent 0","Agent 1",1702,339424275728298,339424279436523
"MEMORY_COPY","MEMORY_COPY_HOST_TO_DEVICE",1,"Agent 0","Agent 1",1705,339424283287121,339424288370929
"MEMORY_COPY","MEMORY_COPY_HOST_TO_DEVICE",1,"Agent 0","Agent 1",1705,339424288379374,339424289328875
"MEMORY_COPY","MEMORY_COPY_HOST_TO_DEVICE",1,"Agent 0","Agent 1",1708,339424289376135,339424289382802
"MEMORY_COPY","MEMORY_COPY_HOST_TO_DEVICE",1,"Agent 0","Agent 1",1711,339424290670829,339424292903912
"MEMORY_COPY","MEMORY_COPY_HOST_TO_DEVICE",1,"Agent 0","Agent 1",1714,339424293302587,339424293752670
"MEMORY_COPY","MEMORY_COPY_HOST_TO_DEVICE",1,"Agent 0","Agent 1",1717,339424294172086,339424294826174
"MEMORY_COPY","MEMORY_COPY_HOST_TO_DEVICE",1,"Agent 0","Agent 1",1720,339424296334228,339424298567608
"MEMORY_COPY","MEMORY_COPY_HOST_TO_DEVICE",1,"Agent 0","Agent 1",1723,339424298613533,339424298620348
"MEMORY_COPY","MEMORY_COPY_HOST_TO_DEVICE",1,"Agent 0","Agent 1",1732,339424298745832,339424298752203
"MEMORY_COPY","MEMORY_COPY_HOST_TO_DEVICE",1,"Agent 0","Agent 1",1735,339424300288976,339424305370562
"MEMORY_COPY","MEMORY_COPY_HOST_TO_DEVICE",1,"Agent 0","Agent 1",1735,339424305388933,339424306338434
"MEMORY_COPY","MEMORY_COPY_HOST_TO_DEVICE",1,"Agent 0","Agent 1",1738,339424308331512,339424313425247
"MEMORY_COPY","MEMORY_COPY_HOST_TO_DEVICE",1,"Agent 0","Agent 1",1738,339424313434729,339424317143250
"MEMORY_COPY","MEMORY_COPY_HOST_TO_DEVICE",1,"Agent 0","Agent 1",1741,339424318707875,339424323788721
"MEMORY_COPY","MEMORY_COPY_HOST_TO_DEVICE",1,"Agent 0","Agent 1",1741,339424323798795,339424324748297
"MEMORY_COPY","MEMORY_COPY_HOST_TO_DEVICE",1,"Agent 0","Agent 1",12912,339425201533296,339425201563815
"MEMORY_COPY","MEMORY_COPY_DEVICE_TO_HOST",2,"Agent 1","Agent 0",16340,339425482340662,339425482439035
"MEMORY_COPY","MEMORY_COPY_DEVICE_TO_HOST",2,"Agent 1","Agent 0",16341,339425482454645,339425482460868
"MEMORY_COPY","MEMORY_COPY_HOST_TO_DEVICE",1,"Agent 0","Agent 1",16348,339425487634457,339425487641123
"MEMORY_COPY","MEMORY_COPY_DEVICE_TO_HOST",2,"Agent 1","Agent 0",18641,339425525380014,339425525478239
"MEMORY_COPY","MEMORY_COPY_DEVICE_TO_HOST",2,"Agent 1","Agent 0",18642,339425525491869,339425525498239
"MEMORY_COPY","MEMORY_COPY_HOST_TO_DEVICE",1,"Agent 0","Agent 1",18649,339425527313092,339425527319758
"MEMORY_COPY","MEMORY_COPY_DEVICE_TO_HOST",2,"Agent 1","Agent 0",20942,339425565073116,339425565170896
"MEMORY_COPY","MEMORY_COPY_DEVICE_TO_HOST",2,"Agent 1","Agent 0",20943,339425565183803,339425565189729
"MEMORY_COPY","MEMORY_COPY_HOST_TO_DEVICE",1,"Agent 0","Agent 1",20950,339425567082213,339425567088880
"MEMORY_COPY","MEMORY_COPY_DEVICE_TO_HOST",2,"Agent 1","Agent 0",23243,339425605090343,339425605188123
"MEMORY_COPY","MEMORY_COPY_DEVICE_TO_HOST",2,"Agent 1","Agent 0",23244,339425605206642,339425605212420
"MEMORY_COPY","MEMORY_COPY_HOST_TO_DEVICE",1,"Agent 0","Agent 1",23251,339425609674290,339425609681253
"MEMORY_COPY","MEMORY_COPY_DEVICE_TO_HOST",2,"Agent 1","Agent 0",25544,339425647888834,339425647992688
"MEMORY_COPY","MEMORY_COPY_DEVICE_TO_HOST",2,"Agent 1","Agent 0",25545,339425648015350,339425648022017
"MEMORY_COPY","MEMORY_COPY_HOST_TO_DEVICE",1,"Agent 0","Agent 1",25552,339425653419763,339425653426430
"MEMORY_COPY","MEMORY_COPY_DEVICE_TO_HOST",2,"Agent 1","Agent 0",27845,339425691233437,339425691331661
"MEMORY_COPY","MEMORY_COPY_DEVICE_TO_HOST",2,"Agent 1","Agent 0",27846,339425691345587,339425691351958
"MEMORY_COPY","MEMORY_COPY_HOST_TO_DEVICE",1,"Agent 0","Agent 1",27853,339425693340444,339425693347111
"MEMORY_COPY","MEMORY_COPY_DEVICE_TO_HOST",2,"Agent 1","Agent 0",30146,339425731207388,339425731305464
"MEMORY_COPY","MEMORY_COPY_DEVICE_TO_HOST",2,"Agent 1","Agent 0",30147,339425731317909,339425731323983
"MEMORY_COPY","MEMORY_COPY_HOST_TO_DEVICE",1,"Agent 0","Agent 1",30154,339425735986747,339425735993562
"MEMORY_COPY","MEMORY_COPY_DEVICE_TO_HOST",2,"Agent 1","Agent 0",32447,339425774137011,339425774234791
"MEMORY_COPY","MEMORY_COPY_DEVICE_TO_HOST",2,"Agent 1","Agent 0",32448,339425774246949,339425774252727
"MEMORY_COPY","MEMORY_COPY_HOST_TO_DEVICE",1,"Agent 0","Agent 1",32455,339425775944614,339425775951133
"MEMORY_COPY","MEMORY_COPY_DEVICE_TO_HOST",2,"Agent 1","Agent 0",34748,339425814059849,339425814157628
"MEMORY_COPY","MEMORY_COPY_DEVICE_TO_HOST",2,"Agent 1","Agent 0",34749,339425814175779,339425814181557
"MEMORY_COPY","MEMORY_COPY_HOST_TO_DEVICE",1,"Agent 0","Agent 1",34756,339425816051077,339425816057892
"MEMORY_COPY","MEMORY_COPY_DEVICE_TO_HOST",2,"Agent 1","Agent 0",37049,339425854174373,339425854272153
"MEMORY_COPY","MEMORY_COPY_DEVICE_TO_HOST",2,"Agent 1","Agent 0",37050,339425854301042,339425854306672
"MEMORY_COPY","MEMORY_COPY_HOST_TO_DEVICE",1,"Agent 0","Agent 1",37057,339425858390461,339425858397127
"MEMORY_COPY","MEMORY_COPY_DEVICE_TO_HOST",2,"Agent 1","Agent 0",39350,339425897003476,339425897103478
"MEMORY_COPY","MEMORY_COPY_DEVICE_TO_HOST",2,"Agent 1","Agent 0",39351,339425897126886,339425897132663
"MEMORY_COPY","MEMORY_COPY_HOST_TO_DEVICE",1,"Agent 0","Agent 1",39358,339425899057444,339425899064111
"MEMORY_COPY","MEMORY_COPY_DEVICE_TO_HOST",2,"Agent 1","Agent 0",41651,339425937161642,339425937259570
"MEMORY_COPY","MEMORY_COPY_DEVICE_TO_HOST",2,"Agent 1","Agent 0",41652,339425937277348,339425937283126
"MEMORY_COPY","MEMORY_COPY_HOST_TO_DEVICE",1,"Agent 0","Agent 1",41659,339425939398578,339425939405244
"MEMORY_COPY","MEMORY_COPY_DEVICE_TO_HOST",2,"Agent 1","Agent 0",43952,339425977252846,339425977351070
"MEMORY_COPY","MEMORY_COPY_DEVICE_TO_HOST",2,"Agent 1","Agent 0",43953,339425977371367,339425977377441
"MEMORY_COPY","MEMORY_COPY_HOST_TO_DEVICE",1,"Agent 0","Agent 1",43960,339425979356149,339425979362816
"MEMORY_COPY","MEMORY_COPY_DEVICE_TO_HOST",2,"Agent 1","Agent 0",46253,339426017307929,339426017406154
"MEMORY_COPY","MEMORY_COPY_DEVICE_TO_HOST",2,"Agent 1","Agent 0",46254,339426017421710,339426017427784
"MEMORY_COPY","MEMORY_COPY_HOST_TO_DEVICE",1,"Agent 0","Agent 1",46261,339426021533943,339426021540462
"MEMORY_COPY","MEMORY_COPY_DEVICE_TO_HOST",2,"Agent 1","Agent 0",48554,339426059867776,339426059965556
"MEMORY_COPY","MEMORY_COPY_DEVICE_TO_HOST",2,"Agent 1","Agent 0",48555,339426059978889,339426059995038
"MEMORY_COPY","MEMORY_COPY_HOST_TO_DEVICE",1,"Agent 0","Agent 1",48562,339426064112605,339426064119272
"MEMORY_COPY","MEMORY_COPY_DEVICE_TO_HOST",2,"Agent 1","Agent 0",50855,339426102299035,339426102397111
"MEMORY_COPY","MEMORY_COPY_DEVICE_TO_HOST",2,"Agent 1","Agent 0",50856,339426102410593,339426102416667
"MEMORY_COPY","MEMORY_COPY_HOST_TO_DEVICE",1,"Agent 0","Agent 1",50863,339426104219816,339426104226482
"MEMORY_COPY","MEMORY_COPY_DEVICE_TO_HOST",2,"Agent 1","Agent 0",53156,339426142522294,339426142620518
"MEMORY_COPY","MEMORY_COPY_DEVICE_TO_HOST",2,"Agent 1","Agent 0",53157,339426142639777,339426142645851
"MEMORY_COPY","MEMORY_COPY_HOST_TO_DEVICE",1,"Agent 0","Agent 1",53164,339426146654972,339426146661638
"MEMORY_COPY","MEMORY_COPY_DEVICE_TO_HOST",2,"Agent 1","Agent 0",55457,339426185192133,339426185290061
"MEMORY_COPY","MEMORY_COPY_DEVICE_TO_HOST",2,"Agent 1","Agent 0",55458,339426185303283,339426185309061
"MEMORY_COPY","MEMORY_COPY_HOST_TO_DEVICE",1,"Agent 0","Agent 1",55465,339426188936146,339426188942813
"MEMORY_COPY","MEMORY_COPY_DEVICE_TO_HOST",2,"Agent 1","Agent 0",57758,339426227142867,339426227240944
"MEMORY_COPY","MEMORY_COPY_DEVICE_TO_HOST",2,"Agent 1","Agent 0",57759,339426227253833,339426227259907
"MEMORY_COPY","MEMORY_COPY_HOST_TO_DEVICE",1,"Agent 0","Agent 1",57766,339426229093278,339426229099945
"MEMORY_COPY","MEMORY_COPY_DEVICE_TO_HOST",2,"Agent 1","Agent 0",60059,339426267294899,339426267393123
"MEMORY_COPY","MEMORY_COPY_DEVICE_TO_HOST",2,"Agent 1","Agent 0",60060,339426267407259,339426267413334
"MEMORY_COPY","MEMORY_COPY_HOST_TO_DEVICE",1,"Agent 0","Agent 1",60067,339426271807803,339426271814470
"MEMORY_COPY","MEMORY_COPY_DEVICE_TO_HOST",2,"Agent 1","Agent 0",62360,339426310188894,339426310286822
"MEMORY_COPY","MEMORY_COPY_DEVICE_TO_HOST",2,"Agent 1","Agent 0",62361,339426310298971,339426310304749
"MEMORY_COPY","MEMORY_COPY_HOST_TO_DEVICE",1,"Agent 0","Agent 1",62368,339426312921544,339426312928211
"MEMORY_COPY","MEMORY_COPY_DEVICE_TO_HOST",2,"Agent 1","Agent 0",64661,339426351323558,339426351421634
"MEMORY_COPY","MEMORY_COPY_DEVICE_TO_HOST",2,"Agent 1","Agent 0",64662,339426351452598,339426351458672
"MEMORY_COPY","MEMORY_COPY_HOST_TO_DEVICE",1,"Agent 0","Agent 1",64669,339426356434924,339426356441591
"MEMORY_COPY","MEMORY_COPY_DEVICE_TO_HOST",2,"Agent 1","Agent 0",66962,339426413101956,339426413199736
"MEMORY_COPY","MEMORY_COPY_DEVICE_TO_HOST",2,"Agent 1","Agent 0",66963,339426413212181,339426413217958
"MEMORY_COPY","MEMORY_COPY_HOST_TO_DEVICE",1,"Agent 0","Agent 1",66970,339426415065256,339426415071923
"MEMORY_COPY","MEMORY_COPY_DEVICE_TO_HOST",2,"Agent 1","Agent 0",69263,339426453018043,339426453116564
"MEMORY_COPY","MEMORY_COPY_DEVICE_TO_HOST",2,"Agent 1","Agent 0",69264,339426453132416,339426453138490
"MEMORY_COPY","MEMORY_COPY_HOST_TO_DEVICE",1,"Agent 0","Agent 1",69271,339426457580508,339426457587175
"MEMORY_COPY","MEMORY_COPY_DEVICE_TO_HOST",2,"Agent 1","Agent 0",71564,339426496290148,339426496388372
"MEMORY_COPY","MEMORY_COPY_DEVICE_TO_HOST",2,"Agent 1","Agent 0",71565,339426496399934,339426496406008
"MEMORY_COPY","MEMORY_COPY_HOST_TO_DEVICE",1,"Agent 0","Agent 1",71572,339426498345604,339426498352270
"MEMORY_COPY","MEMORY_COPY_DEVICE_TO_HOST",2,"Agent 1","Agent 0",73865,339426536394096,339426536492320
"MEMORY_COPY","MEMORY_COPY_DEVICE_TO_HOST",2,"Agent 1","Agent 0",73866,339426536506580,339426536512803
"MEMORY_COPY","MEMORY_COPY_HOST_TO_DEVICE",1,"Agent 0","Agent 1",73873,339426538513881,339426538520548
"MEMORY_COPY","MEMORY_COPY_DEVICE_TO_HOST",2,"Agent 1","Agent 0",76166,339426576364741,339426576462965
"MEMORY_COPY","MEMORY_COPY_DEVICE_TO_HOST",2,"Agent 1","Agent 0",76167,339426576476299,339426576482373
"MEMORY_COPY","MEMORY_COPY_HOST_TO_DEVICE",1,"Agent 0","Agent 1",76174,339426578979166,339426578985833
"MEMORY_COPY","MEMORY_COPY_DEVICE_TO_HOST",2,"Agent 1","Agent 0",78467,339426617327899,339426617426271
"MEMORY_COPY","MEMORY_COPY_DEVICE_TO_HOST",2,"Agent 1","Agent 0",78468,339426617438864,339426617444938
"MEMORY_COPY","MEMORY_COPY_HOST_TO_DEVICE",1,"Agent 0","Agent 1",78475,339426619439202,339426619445869
"MEMORY_COPY","MEMORY_COPY_DEVICE_TO_HOST",2,"Agent 1","Agent 0",80768,339426657380866,339426657479090
"MEMORY_COPY","MEMORY_COPY_DEVICE_TO_HOST",2,"Agent 1","Agent 0",80769,339426657502647,339426657508721
"MEMORY_COPY","MEMORY_COPY_HOST_TO_DEVICE",1,"Agent 0","Agent 1",80776,339426659707878,339426659714544
"MEMORY_COPY","MEMORY_COPY_DEVICE_TO_HOST",2,"Agent 1","Agent 0",83069,339426697746446,339426697844522
"MEMORY_COPY","MEMORY_COPY_DEVICE_TO_HOST",2,"Agent 1","Agent 0",83070,339426697897264,339426697903486
"MEMORY_COPY","MEMORY_COPY_HOST_TO_DEVICE",1,"Agent 0","Agent 1",83077,339426702164611,339426702171278
"MEMORY_COPY","MEMORY_COPY_DEVICE_TO_HOST",2,"Agent 1","Agent 0",85370,339426740528358,339426740626582
"MEMORY_COPY","MEMORY_COPY_DEVICE_TO_HOST",2,"Agent 1","Agent 0",85371,339426740641857,339426740648228
"MEMORY_COPY","MEMORY_COPY_HOST_TO_DEVICE",1,"Agent 0","Agent 1",85378,339426742509748,339426742516415
"MEMORY_COPY","MEMORY_COPY_DEVICE_TO_HOST",2,"Agent 1","Agent 0",87671,339426780753358,339426780851583
"MEMORY_COPY","MEMORY_COPY_DEVICE_TO_HOST",2,"Agent 1","Agent 0",87672,339426780869805,339426780875880
"MEMORY_COPY","MEMORY_COPY_HOST_TO_DEVICE",1,"Agent 0","Agent 1",87679,339426783622011,339426783628677
"MEMORY_COPY","MEMORY_COPY_DEVICE_TO_HOST",2,"Agent 1","Agent 0",89972,339426821647096,339426821745172
"MEMORY_COPY","MEMORY_COPY_DEVICE_TO_HOST",2,"Agent 1","Agent 0",89973,339426821759543,339426821765765
"MEMORY_COPY","MEMORY_COPY_HOST_TO_DEVICE",1,"Agent 0","Agent 1",89980,339426824724493,339426824731308
"MEMORY_COPY","MEMORY_COPY_DEVICE_TO_HOST",2,"Agent 1","Agent 0",92273,339426862734000,339426862832224
"MEMORY_COPY","MEMORY_COPY_DEVICE_TO_HOST",2,"Agent 1","Agent 0",92274,339426862854298,339426862860373
"MEMORY_COPY","MEMORY_COPY_HOST_TO_DEVICE",1,"Agent 0","Agent 1",92281,339426865759988,339426865766655
"MEMORY_COPY","MEMORY_COPY_DEVICE_TO_HOST",2,"Agent 1","Agent 0",94574,339426903831326,339426903929550
"MEMORY_COPY","MEMORY_COPY_DEVICE_TO_HOST",2,"Agent 1","Agent 0",94575,339426903945550,339426903951625
"MEMORY_COPY","MEMORY_COPY_HOST_TO_DEVICE",1,"Agent 0","Agent 1",94582,339426906589161,339426906595828
"MEMORY_COPY","MEMORY_COPY_DEVICE_TO_HOST",2,"Agent 1","Agent 0",96875,339426944652914,339426944751138
"MEMORY_COPY","MEMORY_COPY_DEVICE_TO_HOST",2,"Agent 1","Agent 0",96876,339426944764323,339426944770546
"MEMORY_COPY","MEMORY_COPY_HOST_TO_DEVICE",1,"Agent 0","Agent 1",96883,339426946827477,339426946834144
"MEMORY_COPY","MEMORY_COPY_DEVICE_TO_HOST",2,"Agent 1","Agent 0",99176,339426985144725,339426985242801
"MEMORY_COPY","MEMORY_COPY_DEVICE_TO_HOST",2,"Agent 1","Agent 0",99177,339426985261023,339426985267098
"MEMORY_COPY","MEMORY_COPY_HOST_TO_DEVICE",1,"Agent 0","Agent 1",99184,339426988170713,339426988177528
"MEMORY_COPY","MEMORY_COPY_DEVICE_TO_HOST",2,"Agent 1","Agent 0",101477,339427026376100,339427026474325
"MEMORY_COPY","MEMORY_COPY_DEVICE_TO_HOST",2,"Agent 1","Agent 0",101478,339427026499510,339427026505585
"MEMORY_COPY","MEMORY_COPY_HOST_TO_DEVICE",1,"Agent 0","Agent 1",101485,339427029659428,339427029666095
"MEMORY_COPY","MEMORY_COPY_DEVICE_TO_HOST",2,"Agent 1","Agent 0",103778,339427067835035,339427067933259
"MEMORY_COPY","MEMORY_COPY_DEVICE_TO_HOST",2,"Agent 1","Agent 0",103779,339427067948371,339427067954297
"MEMORY_COPY","MEMORY_COPY_HOST_TO_DEVICE",1,"Agent 0","Agent 1",103786,339427069865299,339427069871818
"MEMORY_COPY","MEMORY_COPY_DEVICE_TO_HOST",2,"Agent 1","Agent 0",106079,339427108168736,339427108266812
"MEMORY_COPY","MEMORY_COPY_DEVICE_TO_HOST",2,"Agent 1","Agent 0",106080,339427108279997,339427108286071
"MEMORY_COPY","MEMORY_COPY_HOST_TO_DEVICE",1,"Agent 0","Agent 1",106087,339427110206259,339427110212926
"MEMORY_COPY","MEMORY_COPY_DEVICE_TO_HOST",2,"Agent 1","Agent 0",108380,339427148246457,339427148344681
"MEMORY_COPY","MEMORY_COPY_DEVICE_TO_HOST",2,"Agent 1","Agent 0",108381,339427148359348,339427148365571
"MEMORY_COPY","MEMORY_COPY_HOST_TO_DEVICE",1,"Agent 0","Agent 1",108388,339427150353678,339427150360493
"MEMORY_COPY","MEMORY_COPY_DEVICE_TO_HOST",2,"Agent 1","Agent 0",110681,339427188413578,339427188511802
"MEMORY_COPY","MEMORY_COPY_DEVICE_TO_HOST",2,"Agent 1","Agent 0",110682,339427188539210,339427188545284
"MEMORY_COPY","MEMORY_COPY_HOST_TO_DEVICE",1,"Agent 0","Agent 1",110689,339427192754557,339427192761224
"MEMORY_COPY","MEMORY_COPY_DEVICE_TO_HOST",2,"Agent 1","Agent 0",112982,339427231168168,339427231266540
"MEMORY_COPY","MEMORY_COPY_DEVICE_TO_HOST",2,"Agent 1","Agent 0",112983,339427231282719,339427231288793
"MEMORY_COPY","MEMORY_COPY_HOST_TO_DEVICE",1,"Agent 0","Agent 1",112990,339427233360244,339427233366910
"MEMORY_COPY","MEMORY_COPY_DEVICE_TO_HOST",2,"Agent 1","Agent 0",115283,339427271391997,339427271490221
"MEMORY_COPY","MEMORY_COPY_DEVICE_TO_HOST",2,"Agent 1","Agent 0",115284,339427271501777,339427271507851
"MEMORY_COPY","MEMORY_COPY_HOST_TO_DEVICE",1,"Agent 0","Agent 1",115291,339427273464484,339427273471299
"MEMORY_COPY","MEMORY_COPY_DEVICE_TO_HOST",2,"Agent 1","Agent 0",117584,339427311423511,339427311521735
"MEMORY_COPY","MEMORY_COPY_DEVICE_TO_HOST",2,"Agent 1","Agent 0",117585,339427311536402,339427311542624
"MEMORY_COPY","MEMORY_COPY_HOST_TO_DEVICE",1,"Agent 0","Agent 1",117592,339427313350810,339427313357477
"MEMORY_COPY","MEMORY_COPY_DEVICE_TO_HOST",2,"Agent 1","Agent 0",119885,339427351736296,339427351834520
"MEMORY_COPY","MEMORY_COPY_DEVICE_TO_HOST",2,"Agent 1","Agent 0",119886,339427351847261,339427351853335
"MEMORY_COPY","MEMORY_COPY_HOST_TO_DEVICE",1,"Agent 0","Agent 1",119893,339427355900234,339427355907049
"MEMORY_COPY","MEMORY_COPY_DEVICE_TO_HOST",2,"Agent 1","Agent 0",122186,339427394406960,339427394505036
"MEMORY_COPY","MEMORY_COPY_DEVICE_TO_HOST",2,"Agent 1","Agent 0",122187,339427394521777,339427394527851
"MEMORY_COPY","MEMORY_COPY_HOST_TO_DEVICE",1,"Agent 0","Agent 1",122194,339427396676044,339427396682711
"MEMORY_COPY","MEMORY_COPY_DEVICE_TO_HOST",2,"Agent 1","Agent 0",124487,339427434823134,339427434921358
"MEMORY_COPY","MEMORY_COPY_DEVICE_TO_HOST",2,"Agent 1","Agent 0",124488,339427434936914,339427434943137
"MEMORY_COPY","MEMORY_COPY_HOST_TO_DEVICE",1,"Agent 0","Agent 1",124495,339427436916511,339427436923030
"MEMORY_COPY","MEMORY_COPY_DEVICE_TO_HOST",2,"Agent 1","Agent 0",126788,339427475148833,339427475246613
"MEMORY_COPY","MEMORY_COPY_DEVICE_TO_HOST",2,"Agent 1","Agent 0",126789,339427475267947,339427475273577
"MEMORY_COPY","MEMORY_COPY_HOST_TO_DEVICE",1,"Agent 0","Agent 1",126796,339427479768040,339427479774855
"MEMORY_COPY","MEMORY_COPY_DEVICE_TO_HOST",2,"Agent 1","Agent 0",129089,339427520429773,339427520527998
"MEMORY_COPY","MEMORY_COPY_DEVICE_TO_HOST",2,"Agent 1","Agent 0",129090,339427520547228,339427520553302
"MEMORY_COPY","MEMORY_COPY_HOST_TO_DEVICE",1,"Agent 0","Agent 1",129097,339427522571595,339427522578262
"MEMORY_COPY","MEMORY_COPY_DEVICE_TO_HOST",2,"Agent 1","Agent 0",131390,339427575149169,339427575246801
"MEMORY_COPY","MEMORY_COPY_DEVICE_TO_HOST",2,"Agent 1","Agent 0",131391,339427575260889,339427575266371
"MEMORY_COPY","MEMORY_COPY_HOST_TO_DEVICE",1,"Agent 0","Agent 1",131398,339427579633473,339427579640140
"MEMORY_COPY","MEMORY_COPY_DEVICE_TO_HOST",2,"Agent 1","Agent 0",133691,339427617849371,339427617947595
"MEMORY_COPY","MEMORY_COPY_DEVICE_TO_HOST",2,"Agent 1","Agent 0",133692,339427617963469,339427617969543
"MEMORY_COPY","MEMORY_COPY_HOST_TO_DEVICE",1,"Agent 0","Agent 1",133699,339427621214944,339427621221610
"MEMORY_COPY","MEMORY_COPY_DEVICE_TO_HOST",2,"Agent 1","Agent 0",135992,339427659671610,339427659769390
"MEMORY_COPY","MEMORY_COPY_DEVICE_TO_HOST",2,"Agent 1","Agent 0",135993,339427659782688,339427659788317
"MEMORY_COPY","MEMORY_COPY_HOST_TO_DEVICE",1,"Agent 0","Agent 1",136000,339427662894160,339427662900975
"MEMORY_COPY","MEMORY_COPY_DEVICE_TO_HOST",2,"Agent 1","Agent 0",138293,339427701281016,339427701378796
"MEMORY_COPY","MEMORY_COPY_DEVICE_TO_HOST",2,"Agent 1","Agent 0",138294,339427701391109,339427701396886
"MEMORY_COPY","MEMORY_COPY_HOST_TO_DEVICE",1,"Agent 0","Agent 1",138301,339427703532337,339427703539004
"MEMORY_COPY","MEMORY_COPY_DEVICE_TO_HOST",2,"Agent 1","Agent 0",140594,339427741810813,339427741909038
"MEMORY_COPY","MEMORY_COPY_DEVICE_TO_HOST",2,"Agent 1","Agent 0",140595,339427741921186,339427741927260
"MEMORY_COPY","MEMORY_COPY_HOST_TO_DEVICE",3,"Agent 0","Agent 1",140602,339427787492869,339427787501462
"MEMORY_COPY","MEMORY_COPY_DEVICE_TO_HOST",2,"Agent 1","Agent 0",142895,339427831921191,339427832019416
"MEMORY_COPY","MEMORY_COPY_DEVICE_TO_HOST",2,"Agent 1","Agent 0",142896,339427832032016,339427832038091
"MEMORY_COPY","MEMORY_COPY_HOST_TO_DEVICE",3,"Agent 0","Agent 1",142903,339427835511348,339427835518015
"MEMORY_COPY","MEMORY_COPY_DEVICE_TO_HOST",2,"Agent 1","Agent 0",145196,339427873364057,339427873462282
"MEMORY_COPY","MEMORY_COPY_DEVICE_TO_HOST",2,"Agent 1","Agent 0",145197,339427873475321,339427873481988
"MEMORY_COPY","MEMORY_COPY_HOST_TO_DEVICE",3,"Agent 0","Agent 1",145204,339427875427065,339427875433732
"MEMORY_COPY","MEMORY_COPY_DEVICE_TO_HOST",2,"Agent 1","Agent 0",147497,339427913689220,339427913786999
"MEMORY_COPY","MEMORY_COPY_DEVICE_TO_HOST",2,"Agent 1","Agent 0",147498,339427913801207,339427913806836
"MEMORY_COPY","MEMORY_COPY_HOST_TO_DEVICE",3,"Agent 0","Agent 1",147505,339427915678431,339427915685098
"MEMORY_COPY","MEMORY_COPY_DEVICE_TO_HOST",2,"Agent 1","Agent 0",149798,339427953774039,339427953872263
"MEMORY_COPY","MEMORY_COPY_DEVICE_TO_HOST",2,"Agent 1","Agent 0",149799,339427953890338,339427953896412
"MEMORY_COPY","MEMORY_COPY_HOST_TO_DEVICE",3,"Agent 0","Agent 1",149806,339427958569250,339427958575917
"MEMORY_COPY","MEMORY_COPY_DEVICE_TO_HOST",2,"Agent 1","Agent 0",152099,339427996872777,339427996971001
"MEMORY_COPY","MEMORY_COPY_DEVICE_TO_HOST",2,"Agent 1","Agent 0",152100,339427996982662,339427996988736
"MEMORY_COPY","MEMORY_COPY_HOST_TO_DEVICE",3,"Agent 0","Agent 1",152107,339427999500640,339427999507307
"MEMORY_COPY","MEMORY_COPY_DEVICE_TO_HOST",2,"Agent 1","Agent 0",154400,339428037725548,339428037823328
"MEMORY_COPY","MEMORY_COPY_DEVICE_TO_HOST",2,"Agent 1","Agent 0",154401,339428037836105,339428037841882
"MEMORY_COPY","MEMORY_COPY_HOST_TO_DEVICE",3,"Agent 0","Agent 1",154408,339428042192177,339428042198844
"MEMORY_COPY","MEMORY_COPY_DEVICE_TO_HOST",2,"Agent 1","Agent 0",156701,339428080673842,339428080771622
"MEMORY_COPY","MEMORY_COPY_DEVICE_TO_HOST",2,"Agent 1","Agent 0",156702,339428080783941,339428080789571
"MEMORY_COPY","MEMORY_COPY_HOST_TO_DEVICE",3,"Agent 0","Agent 1",156709,339428083566666,339428083573333
"MEMORY_COPY","MEMORY_COPY_DEVICE_TO_HOST",2,"Agent 1","Agent 0",159002,339428121954994,339428122053218
"MEMORY_COPY","MEMORY_COPY_DEVICE_TO_HOST",2,"Agent 1","Agent 0",159003,339428122065779,339428122071853
"MEMORY_COPY","MEMORY_COPY_HOST_TO_DEVICE",3,"Agent 0","Agent 1",159010,339428123950559,339428123957226
"MEMORY_COPY","MEMORY_COPY_DEVICE_TO_HOST",2,"Agent 1","Agent 0",161303,339428162114872,339428162213096
"MEMORY_COPY","MEMORY_COPY_DEVICE_TO_HOST",2,"Agent 1","Agent 0",161304,339428162225725,339428162231947
"MEMORY_COPY","MEMORY_COPY_HOST_TO_DEVICE",3,"Agent 0","Agent 1",161311,339428164100282,339428164107097
"MEMORY_COPY","MEMORY_COPY_DEVICE_TO_HOST",2,"Agent 1","Agent 0",163604,339428202339571,339428202437647
"MEMORY_COPY","MEMORY_COPY_DEVICE_TO_HOST",2,"Agent 1","Agent 0",163605,339428202449203,339428202455277
"MEMORY_COPY","MEMORY_COPY_HOST_TO_DEVICE",3,"Agent 0","Agent 1",163612,339428204391021,339428204397687
"MEMORY_COPY","MEMORY_COPY_DEVICE_TO_HOST",2,"Agent 1","Agent 0",165905,339428242663958,339428242762034
"MEMORY_COPY","MEMORY_COPY_DEVICE_TO_HOST",2,"Agent 1","Agent 0",165906,339428242774182,339428242780257
"MEMORY_COPY","MEMORY_COPY_HOST_TO_DEVICE",3,"Agent 0","Agent 1",165913,339428244968598,339428244975265
"MEMORY_COPY","MEMORY_COPY_DEVICE_TO_HOST",2,"Agent 1","Agent 0",168206,339428283199466,339428283297542
"MEMORY_COPY","MEMORY_COPY_DEVICE_TO_HOST",2,"Agent 1","Agent 0",168207,339428283309691,339428283315913
"MEMORY_COPY","MEMORY_COPY_HOST_TO_DEVICE",3,"Agent 0","Agent 1",168214,339428287568594,339428287575261
"MEMORY_COPY","MEMORY_COPY_DEVICE_TO_HOST",2,"Agent 1","Agent 0",170507,339428325923306,339428326021382
"MEMORY_COPY","MEMORY_COPY_DEVICE_TO_HOST",2,"Agent 1","Agent 0",170508,339428326033678,339428326039752
"MEMORY_COPY","MEMORY_COPY_HOST_TO_DEVICE",3,"Agent 0","Agent 1",170515,339428328823366,339428328829588
"MEMORY_COPY","MEMORY_COPY_DEVICE_TO_HOST",2,"Agent 1","Agent 0",172808,339428366870162,339428366968386
"MEMORY_COPY","MEMORY_COPY_DEVICE_TO_HOST",2,"Agent 1","Agent 0",172809,339428366980090,339428366986164
"MEMORY_COPY","MEMORY_COPY_HOST_TO_DEVICE",3,"Agent 0","Agent 1",172816,339428368908574,339428368915093
"MEMORY_COPY","MEMORY_COPY_DEVICE_TO_HOST",2,"Agent 1","Agent 0",175109,339428406916179,339428407014255
"MEMORY_COPY","MEMORY_COPY_DEVICE_TO_HOST",2,"Agent 1","Agent 0",175110,339428407031885,339428407037811
"MEMORY_COPY","MEMORY_COPY_HOST_TO_DEVICE",3,"Agent 0","Agent 1",175117,339428409173855,339428409180522
"MEMORY_COPY","MEMORY_COPY_DEVICE_TO_HOST",2,"Agent 1","Agent 0",177410,339428452894433,339428452992657
"MEMORY_COPY","MEMORY_COPY_DEVICE_TO_HOST",2,"Agent 1","Agent 0",177411,339428453009824,339428453016343
"MEMORY_COPY","MEMORY_COPY_HOST_TO_DEVICE",3,"Agent 0","Agent 1",177418,339428454936975,339428454943642
"MEMORY_COPY","MEMORY_COPY_DEVICE_TO_HOST",2,"Agent 1","Agent 0",179711,339428493448871,339428493547096
"MEMORY_COPY","MEMORY_COPY_DEVICE_TO_HOST",2,"Agent 1","Agent 0",179712,339428493561318,339428493567392
"MEMORY_COPY","MEMORY_COPY_HOST_TO_DEVICE",3,"Agent 0","Agent 1",179719,339428498213859,339428498219933
"MEMORY_COPY","MEMORY_COPY_DEVICE_TO_HOST",2,"Agent 1","Agent 0",182012,339428536910071,339428537008295
"MEMORY_COPY","MEMORY_COPY_DEVICE_TO_HOST",2,"Agent 1","Agent 0",182013,339428537022222,339428537028296
"MEMORY_COPY","MEMORY_COPY_HOST_TO_DEVICE",3,"Agent 0","Agent 1",182020,339428538961225,339428538967743
"MEMORY_COPY","MEMORY_COPY_DEVICE_TO_HOST",2,"Agent 1","Agent 0",184313,339428577431193,339428577529417
"MEMORY_COPY","MEMORY_COPY_DEVICE_TO_HOST",2,"Agent 1","Agent 0",184314,339428577542010,339428577548084
"MEMORY_COPY","MEMORY_COPY_HOST_TO_DEVICE",3,"Agent 0","Agent 1",184321,339428579493902,339428579500569
"MEMORY_COPY","MEMORY_COPY_DEVICE_TO_HOST",2,"Agent 1","Agent 0",186614,339428617745185,339428617843262
"MEMORY_COPY","MEMORY_COPY_DEVICE_TO_HOST",2,"Agent 1","Agent 0",186615,339428617855905,339428617861980
"MEMORY_COPY","MEMORY_COPY_HOST_TO_DEVICE",3,"Agent 0","Agent 1",186622,339428619817428,339428619824094
"MEMORY_COPY","MEMORY_COPY_DEVICE_TO_HOST",2,"Agent 1","Agent 0",188915,339428657889330,339428657987554
"MEMORY_COPY","MEMORY_COPY_DEVICE_TO_HOST",2,"Agent 1","Agent 0",188916,339428658000444,339428658006518
"MEMORY_COPY","MEMORY_COPY_HOST_TO_DEVICE",3,"Agent 0","Agent 1",188923,339428659940780,339428659947299
"MEMORY_COPY","MEMORY_COPY_DEVICE_TO_HOST",2,"Agent 1","Agent 0",191216,339428698245496,339428698343720
"MEMORY_COPY","MEMORY_COPY_DEVICE_TO_HOST",2,"Agent 1","Agent 0",191217,339428698357350,339428698363424
"MEMORY_COPY","MEMORY_COPY_HOST_TO_DEVICE",3,"Agent 0","Agent 1",191224,339428702845147,339428702851814
"MEMORY_COPY","MEMORY_COPY_DEVICE_TO_HOST",2,"Agent 1","Agent 0",193517,339428741539898,339428741638122
"MEMORY_COPY","MEMORY_COPY_DEVICE_TO_HOST",2,"Agent 1","Agent 0",193518,339428741651159,339428741657234
"MEMORY_COPY","MEMORY_COPY_HOST_TO_DEVICE",3,"Agent 0","Agent 1",193525,339428745937174,339428745943989
"MEMORY_COPY","MEMORY_COPY_DEVICE_TO_HOST",2,"Agent 1","Agent 0",195818,339428784863881,339428784962105
"MEMORY_COPY","MEMORY_COPY_DEVICE_TO_HOST",2,"Agent 1","Agent 0",195819,339428784975023,339428784981246
"MEMORY_COPY","MEMORY_COPY_HOST_TO_DEVICE",3,"Agent 0","Agent 1",195826,339428787022770,339428787029437
"MEMORY_COPY","MEMORY_COPY_DEVICE_TO_HOST",2,"Agent 1","Agent 0",198119,339428832190346,339428832288422
"MEMORY_COPY","MEMORY_COPY_DEVICE_TO_HOST",2,"Agent 1","Agent 0",198120,339428832302052,339428832308274
